caseId,ACBarrett,AFortas,AMKennedy,AScalia,BMKavanaugh,BRWhite,CEWhittaker,CThomas,DHSouter,EKagan,EWarren,FFrankfurter,FMVinson,FMurphy,HABlackmun,HHBurton,HLBlack,JGRoberts,JHarlan2,JPStevens,KBJackson,LFPowell,NMGorsuch,PStewart,RBGinsburg,RHJackson,SAAlito,SDOConnor,SFReed,SGBreyer,SMinton,SSotomayor,TCClark,TMarshall,WBRutledge,WEBurger,WHRehnquist,WJBrennan,WODouglas
1947-031,,,,,,,,,,,,1.0,0.0,1.0,,0.0,0.0,,,,,,,,,1.0,,,0.0,,,,,,1.0,,,,1.0
1947-034,,,,,,,,,,,,0.0,1.0,1.0,,0.0,1.0,,,,,,,,,0.0,,,1.0,,,,,,1.0,,,,1.0
1949-114,,,,,,,,,,,,0.0,1.0,,,1.0,1.0,,,,,,,,,0.0,,,0.0,,0.0,,0.0,,,,,,1.0
1951-038,,,,,,,,,,,,1.0,1.0,,,1.0,1.0,,,,,,,,,0.0,,,1.0,,1.0,,0.0,,,,,,1.0
1954-017,,,,,,,,,,,1.0,1.0,,,,1.0,1.0,,,,,,,,,,,,1.0,,1.0,,1.0,,,,,,1.0
1956-053,,,,,,,,,,,1.0,1.0,,,,1.0,1.0,,1.0,,,,,,,,,,,,,,1.0,,,,,1.0,1.0
1957-010,,,,,,,1.0,,,,0.0,1.0,,,,1.0,0.0,,1.0,,,,,,,,,,,,,,1.0,,,,,1.0,0.0
1957-070,,,,,,,1.0,,,,0.0,1.0,,,,1.0,0.0,,1.0,,,,,,,,,,,,,,1.0,,,,,0.0,0.0
1957-088,,,,,,,0.0,,,,1.0,1.0,,,,0.0,1.0,,1.0,,,,,,,,,,,,,,0.0,,,,,1.0,1.0
1958-056,,,,,,,1.0,,,,0.0,1.0,,,,,0.0,,1.0,,,,,1.0,,,,,,,,,1.0,,,,,0.0,0.0
1958-096,,,,,,,1.0,,,,1.0,1.0,,,,,1.0,,0.0,,,,,0.0,,,,,,,,,0.0,,,,,1.0,1.0
1967-113,,1.0,,,,0.0,,,,,1.0,,,,,,1.0,,0.0,,,,,0.0,,,,,,,,,,0.0,,,,1.0,1.0
1969-031,,,,,,1.0,,,,,,,,,,,0.0,,1.0,,,,,1.0,,,,,,,,,,1.0,,1.0,,1.0,0.0
1969-128,,,,,,1.0,,,,,,,,,0.0,,1.0,,1.0,,,,,1.0,,,,,,,,,,1.0,,1.0,,1.0,1.0
1970-081,,,,,,1.0,,,,,,,,,1.0,,1.0,,1.0,,,,,0.0,,,,,,,,,,1.0,,0.0,,1.0,0.0
1976-007,,,,,,1.0,,,,,,,,,0.0,,,,,1.0,,1.0,,1.0,,,,,,,,,,1.0,,0.0,0.0,1.0,
1976-106,,,,,,1.0,,,,,,,,,1.0,,,,,1.0,,1.0,,1.0,,,,,,,,,,0.0,,1.0,1.0,0.0,
1976-110,,,,,,1.0,,,,,,,,,1.0,,,,,0.0,,1.0,,0.0,,,,,,,,,,0.0,,1.0,1.0,0.0,
1976-134,,,,,,1.0,,,,,,,,,1.0,,,,,1.0,,1.0,,1.0,,,,,,,,,,0.0,,1.0,1.0,1.0,
1978-088,,,,,,1.0,,,,,,,,,1.0,,,,,0.0,,0.0,,1.0,,,,,,,,,,1.0,,1.0,0.0,1.0,
1979-090,,,,,,1.0,,,,,,,,,1.0,,,,,0.0,,1.0,,1.0,,,,,,,,,,1.0,,1.0,1.0,1.0,
1986-053,,,,1.0,,1.0,,,,,,,,,1.0,,,,,1.0,,1.0,,,,,,1.0,,,,,,0.0,,,1.0,1.0,
1986-112,,,,1.0,,1.0,,,,,,,,,1.0,,,,,0.0,,1.0,,,,,,1.0,,,,,,1.0,,,1.0,1.0,
1987-139,,,1.0,1.0,,1.0,,,,,,,,,1.0,,,,,0.0,,,,,,,,1.0,,,,,,0.0,,,1.0,0.0,
2000-005,,,1.0,0.0,,,,0.0,1.0,,,,,,,,,,,1.0,,,,,1.0,,,1.0,,1.0,,,,,,,0.0,,
2000-009,,,1.0,1.0,,,,1.0,0.0,,,,,,,,,,,0.0,,,,,0.0,,,1.0,,0.0,,,,,,,1.0,,
2000-010,,,1.0,1.0,,,,1.0,0.0,,,,,,,,,,,0.0,,,,,0.0,,,1.0,,0.0,,,,,,,1.0,,
2000-012,,,1.0,1.0,,,,1.0,1.0,,,,,,,,,,,1.0,,,,,1.0,,,1.0,,0.0,,,,,,,1.0,,
2000-014,,,0.0,1.0,,,,1.0,1.0,,,,,,,,,,,0.0,,,,,1.0,,,1.0,,1.0,,,,,,,0.0,,
2000-015,,,1.0,1.0,,,,1.0,1.0,,,,,,,,,,,0.0,,,,,1.0,,,1.0,,1.0,,,,,,,1.0,,
2000-018,,,0.0,0.0,,,,0.0,1.0,,,,,,,,,,,1.0,,,,,1.0,,,1.0,,1.0,,,,,,,0.0,,
2000-020,,,1.0,1.0,,,,1.0,1.0,,,,,,,,,,,0.0,,,,,1.0,,,1.0,,1.0,,,,,,,1.0,,
2000-022,,,1.0,1.0,,,,1.0,0.0,,,,,,,,,,,0.0,,,,,0.0,,,1.0,,0.0,,,,,,,1.0,,
2000-028,,,1.0,0.0,,,,0.0,1.0,,,,,,,,,,,1.0,,,,,1.0,,,0.0,,1.0,,,,,,,0.0,,
2000-032,,,1.0,0.0,,,,0.0,1.0,,,,,,,,,,,1.0,,,,,1.0,,,1.0,,1.0,,,,,,,1.0,,
2000-034,,,1.0,0.0,,,,0.0,1.0,,,,,,,,,,,1.0,,,,,1.0,,,1.0,,1.0,,,,,,,0.0,,
2000-035,,,1.0,1.0,,,,1.0,0.0,,,,,,,,,,,0.0,,,,,0.0,,,1.0,,0.0,,,,,,,1.0,,
2000-036,,,1.0,1.0,,,,1.0,1.0,,,,,,,,,,,0.0,,,,,1.0,,,1.0,,0.0,,,,,,,1.0,,
2000-037,,,1.0,1.0,,,,1.0,0.0,,,,,,,,,,,0.0,,,,,0.0,,,1.0,,0.0,,,,,,,1.0,,
2000-041,,,0.0,0.0,,,,0.0,1.0,,,,,,,,,,,1.0,,,,,1.0,,,1.0,,1.0,,,,,,,0.0,,
2000-043,,,1.0,1.0,,,,1.0,0.0,,,,,,,,,,,0.0,,,,,0.0,,,1.0,,0.0,,,,,,,1.0,,
2000-044,,,1.0,1.0,,,,1.0,1.0,,,,,,,,,,,0.0,,,,,0.0,,,0.0,,0.0,,,,,,,1.0,,
2000-045,,,1.0,1.0,,,,1.0,0.0,,,,,,,,,,,0.0,,,,,0.0,,,1.0,,0.0,,,,,,,1.0,,
2000-046,,,1.0,1.0,,,,1.0,0.0,,,,,,,,,,,0.0,,,,,0.0,,,1.0,,0.0,,,,,,,1.0,,
2000-048,,,1.0,1.0,,,,1.0,1.0,,,,,,,,,,,1.0,,,,,0.0,,,1.0,,1.0,,,,,,,1.0,,
2000-049,,,1.0,0.0,,,,0.0,1.0,,,,,,,,,,,0.0,,,,,1.0,,,1.0,,0.0,,,,,,,1.0,,
2000-050,,,1.0,1.0,,,,1.0,1.0,,,,,,,,,,,1.0,,,,,1.0,,,1.0,,0.0,,,,,,,1.0,,
2000-052,,,1.0,0.0,,,,0.0,1.0,,,,,,,,,,,1.0,,,,,1.0,,,1.0,,1.0,,,,,,,0.0,,
2000-053,,,1.0,0.0,,,,0.0,1.0,,,,,,,,,,,0.0,,,,,1.0,,,0.0,,1.0,,,,,,,1.0,,
2000-055,,,1.0,1.0,,,,1.0,0.0,,,,,,,,,,,0.0,,,,,0.0,,,1.0,,0.0,,,,,,,1.0,,
2000-057,,,1.0,0.0,,,,0.0,1.0,,,,,,,,,,,1.0,,,,,1.0,,,1.0,,1.0,,,,,,,1.0,,
2000-058,,,1.0,1.0,,,,1.0,0.0,,,,,,,,,,,0.0,,,,,0.0,,,1.0,,0.0,,,,,,,1.0,,
2000-060,,,1.0,1.0,,,,1.0,0.0,,,,,,,,,,,1.0,,,,,1.0,,,1.0,,1.0,,,,,,,1.0,,
2000-064,,,1.0,0.0,,,,0.0,1.0,,,,,,,,,,,1.0,,,,,1.0,,,1.0,,1.0,,,,,,,0.0,,
2000-066,,,1.0,1.0,,,,1.0,1.0,,,,,,,,,,,0.0,,,,,1.0,,,1.0,,1.0,,,,,,,1.0,,
2000-067,,,1.0,1.0,,,,1.0,1.0,,,,,,,,,,,1.0,,,,,1.0,,,,,1.0,,,,,,,1.0,,
2000-068,,,1.0,0.0,,,,0.0,1.0,,,,,,,,,,,1.0,,,,,1.0,,,0.0,,1.0,,,,,,,1.0,,
2000-069,,,0.0,1.0,,,,1.0,1.0,,,,,,,,,,,0.0,,,,,1.0,,,0.0,,1.0,,,,,,,0.0,,
2000-070,,,1.0,1.0,,,,1.0,0.0,,,,,,,,,,,1.0,,,,,0.0,,,0.0,,0.0,,,,,,,1.0,,
2000-071,,,1.0,1.0,,,,1.0,0.0,,,,,,,,,,,0.0,,,,,0.0,,,1.0,,1.0,,,,,,,1.0,,
2000-074,,,1.0,1.0,,,,1.0,1.0,,,,,,,,,,,1.0,,,,,0.0,,,1.0,,0.0,,,,,,,1.0,,
2000-076,,,1.0,0.0,,,,1.0,1.0,,,,,,,,,,,1.0,,,,,1.0,,,1.0,,1.0,,,,,,,1.0,,
2000-077,,,0.0,0.0,,,,0.0,1.0,,,,,,,,,,,1.0,,,,,1.0,,,1.0,,1.0,,,,,,,0.0,,
2000-078,,,1.0,0.0,,,,0.0,1.0,,,,,,,,,,,1.0,,,,,1.0,,,0.0,,1.0,,,,,,,0.0,,
2000-079,,,1.0,0.0,,,,0.0,1.0,,,,,,,,,,,1.0,,,,,1.0,,,0.0,,1.0,,,,,,,0.0,,
2000-081,,,1.0,1.0,,,,1.0,1.0,,,,,,,,,,,1.0,,,,,0.0,,,0.0,,0.0,,,,,,,1.0,,
2000-082,,,0.0,0.0,,,,0.0,1.0,,,,,,,,,,,1.0,,,,,1.0,,,1.0,,1.0,,,,,,,0.0,,
2000-083,,,1.0,1.0,,,,1.0,1.0,,,,,,,,,,,0.0,,,,,1.0,,,1.0,,0.0,,,,,,,1.0,,
2000-084,,,1.0,1.0,,,,1.0,0.0,,,,,,,,,,,0.0,,,,,0.0,,,1.0,,0.0,,,,,,,1.0,,
2000-085,,,1.0,1.0,,,,1.0,0.0,,,,,,,,,,,0.0,,,,,0.0,,,1.0,,0.0,,,,,,,1.0,,
2000-086,,,1.0,1.0,,,,1.0,0.0,,,,,,,,,,,0.0,,,,,0.0,,,1.0,,0.0,,,,,,,1.0,,
2000-087,,,0.0,0.0,,,,0.0,1.0,,,,,,,,,,,1.0,,,,,1.0,,,1.0,,1.0,,,,,,,0.0,,
2001-004,,,1.0,1.0,,,,1.0,0.0,,,,,,,,,,,0.0,,,,,0.0,,,1.0,,0.0,,,,,,,1.0,,
2001-005,,,1.0,1.0,,,,1.0,0.0,,,,,,,,,,,1.0,,,,,1.0,,,0.0,,1.0,,,,,,,1.0,,
2001-008,,,1.0,1.0,,,,1.0,1.0,,,,,,,,,,,0.0,,,,,1.0,,,0.0,,0.0,,,,,,,1.0,,
2001-010,,,1.0,1.0,,,,1.0,0.0,,,,,,,,,,,0.0,,,,,0.0,,,1.0,,0.0,,,,,,,1.0,,
2001-012,,,1.0,1.0,,,,1.0,0.0,,,,,,,,,,,0.0,,,,,0.0,,,1.0,,0.0,,,,,,,1.0,,
2001-013,,,1.0,0.0,,,,1.0,1.0,,,,,,,,,,,1.0,,,,,1.0,,,1.0,,1.0,,,,,,,1.0,,
2001-014,,,0.0,0.0,,,,0.0,1.0,,,,,,,,,,,1.0,,,,,1.0,,,1.0,,1.0,,,,,,,0.0,,
2001-016,,,1.0,0.0,,,,0.0,1.0,,,,,,,,,,,1.0,,,,,1.0,,,1.0,,1.0,,,,,,,0.0,,
2001-018,,,1.0,1.0,,,,0.0,0.0,,,,,,,,,,,1.0,,,,,1.0,,,0.0,,1.0,,,,,,,1.0,,
2001-019,,,0.0,0.0,,,,0.0,1.0,,,,,,,,,,,1.0,,,,,1.0,,,1.0,,1.0,,,,,,,1.0,,
2001-020,,,1.0,0.0,,,,0.0,1.0,,,,,,,,,,,1.0,,,,,1.0,,,1.0,,1.0,,,,,,,1.0,,
2001-023,,,1.0,0.0,,,,1.0,1.0,,,,,,,,,,,0.0,,,,,1.0,,,0.0,,1.0,,,,,,,1.0,,
2001-026,,,1.0,1.0,,,,1.0,0.0,,,,,,,,,,,0.0,,,,,1.0,,,1.0,,0.0,,,,,,,1.0,,
2001-029,,,1.0,1.0,,,,1.0,1.0,,,,,,,,,,,0.0,,,,,1.0,,,1.0,,1.0,,,,,,,1.0,,
2001-030,,,1.0,1.0,,,,1.0,0.0,,,,,,,,,,,1.0,,,,,0.0,,,0.0,,0.0,,,,,,,1.0,,
2001-032,,,1.0,1.0,,,,1.0,1.0,,,,,,,,,,,1.0,,,,,1.0,,,1.0,,0.0,,,,,,,1.0,,
2001-033,,,1.0,1.0,,,,1.0,0.0,,,,,,,,,,,0.0,,,,,0.0,,,1.0,,0.0,,,,,,,1.0,,
2001-034,,,1.0,1.0,,,,1.0,0.0,,,,,,,,,,,0.0,,,,,0.0,,,1.0,,0.0,,,,,,,1.0,,
2001-038,,,1.0,0.0,,,,1.0,1.0,,,,,,,,,,,1.0,,,,,1.0,,,0.0,,1.0,,,,,,,0.0,,
2001-039,,,1.0,0.0,,,,0.0,1.0,,,,,,,,,,,0.0,,,,,1.0,,,1.0,,1.0,,,,,,,1.0,,
2001-040,,,1.0,0.0,,,,0.0,1.0,,,,,,,,,,,1.0,,,,,1.0,,,1.0,,1.0,,,,,,,0.0,,
2001-041,,,1.0,1.0,,,,1.0,1.0,,,,,,,,,,,0.0,,,,,0.0,,,1.0,,0.0,,,,,,,0.0,,
2001-042,,,1.0,1.0,,,,1.0,0.0,,,,,,,,,,,1.0,,,,,0.0,,,1.0,,1.0,,,,,,,1.0,,
2001-044,,,1.0,1.0,,,,1.0,0.0,,,,,,,,,,,0.0,,,,,0.0,,,1.0,,0.0,,,,,,,1.0,,
2001-045,,,1.0,0.0,,,,1.0,1.0,,,,,,,,,,,1.0,,,,,1.0,,,0.0,,0.0,,,,,,,1.0,,
2001-046,,,1.0,1.0,,,,1.0,1.0,,,,,,,,,,,0.0,,,,,1.0,,,1.0,,1.0,,,,,,,1.0,,
2001-049,,,1.0,1.0,,,,1.0,1.0,,,,,,,,,,,1.0,,,,,1.0,,,0.0,,1.0,,,,,,,1.0,,
2001-050,,,0.0,0.0,,,,0.0,1.0,,,,,,,,,,,1.0,,,,,1.0,,,1.0,,1.0,,,,,,,0.0,,
2001-051,,,1.0,1.0,,,,1.0,1.0,,,,,,,,,,,0.0,,,,,1.0,,,1.0,,1.0,,,,,,,1.0,,
2001-053,,,1.0,1.0,,,,1.0,0.0,,,,,,,,,,,0.0,,,,,0.0,,,1.0,,0.0,,,,,,,1.0,,
2001-054,,,1.0,0.0,,,,1.0,1.0,,,,,,,,,,,1.0,,,,,1.0,,,1.0,,1.0,,,,,,,1.0,,
2001-057,,,0.0,0.0,,,,0.0,1.0,,,,,,,,,,,1.0,,,,,1.0,,,1.0,,1.0,,,,,,,1.0,,
2001-058,,,1.0,1.0,,,,1.0,0.0,,,,,,,,,,,0.0,,,,,0.0,,,1.0,,0.0,,,,,,,1.0,,
2001-061,,,0.0,0.0,,,,1.0,1.0,,,,,,,,,,,1.0,,,,,1.0,,,0.0,,1.0,,,,,,,0.0,,
2001-063,,,1.0,1.0,,,,1.0,1.0,,,,,,,,,,,1.0,,,,,1.0,,,1.0,,1.0,,,,,,,0.0,,
2001-065,,,1.0,1.0,,,,1.0,0.0,,,,,,,,,,,0.0,,,,,0.0,,,1.0,,1.0,,,,,,,1.0,,
2001-066,,,0.0,0.0,,,,0.0,1.0,,,,,,,,,,,1.0,,,,,1.0,,,1.0,,1.0,,,,,,,0.0,,
2001-067,,,1.0,0.0,,,,0.0,0.0,,,,,,,,,,,1.0,,,,,1.0,,,1.0,,1.0,,,,,,,1.0,,
2001-070,,,1.0,0.0,,,,0.0,1.0,,,,,,,,,,,1.0,,,,,1.0,,,1.0,,1.0,,,,,,,0.0,,
2001-071,,,0.0,0.0,,,,0.0,1.0,,,,,,,,,,,1.0,,,,,1.0,,,1.0,,1.0,,,,,,,0.0,,
2001-073,,,1.0,0.0,,,,1.0,1.0,,,,,,,,,,,1.0,,,,,1.0,,,0.0,,1.0,,,,,,,1.0,,
2001-074,,,0.0,0.0,,,,0.0,1.0,,,,,,,,,,,1.0,,,,,1.0,,,0.0,,1.0,,,,,,,1.0,,
2001-076,,,1.0,1.0,,,,0.0,0.0,,,,,,,,,,,0.0,,,,,0.0,,,1.0,,1.0,,,,,,,1.0,,
2001-077,,,1.0,1.0,,,,1.0,1.0,,,,,,,,,,,1.0,,,,,1.0,,,0.0,,1.0,,,,,,,0.0,,
2001-080,,,1.0,1.0,,,,1.0,0.0,,,,,,,,,,,0.0,,,,,0.0,,,1.0,,0.0,,,,,,,1.0,,
2001-081,,,1.0,0.0,,,,0.0,1.0,,,,,,,,,,,1.0,,,,,1.0,,,1.0,,1.0,,,,,,,0.0,,
2001-082,,,1.0,1.0,,,,1.0,0.0,,,,,,,,,,,0.0,,,,,0.0,,,1.0,,0.0,,,,,,,1.0,,
2001-083,,,1.0,1.0,,,,1.0,0.0,,,,,,,,,,,0.0,,,,,0.0,,,0.0,,1.0,,,,,,,1.0,,
2001-086,,,1.0,1.0,,,,1.0,1.0,,,,,,,,,,,1.0,,,,,1.0,,,0.0,,1.0,,,,,,,1.0,,
2002-009,,,1.0,1.0,,,,1.0,1.0,,,,,,,,,,,1.0,,,,,1.0,,,0.0,,1.0,,,,,,,1.0,,
2002-010,,,1.0,1.0,,,,1.0,1.0,,,,,,,,,,,0.0,,,,,1.0,,,1.0,,1.0,,,,,,,1.0,,
2002-011,,,0.0,0.0,,,,0.0,0.0,,,,,,,,,,,0.0,,,,,0.0,,,0.0,,0.0,,,,,,,0.0,,
2002-012,,,1.0,1.0,,,,1.0,0.0,,,,,,,,,,,0.0,,,,,0.0,,,1.0,,0.0,,,,,,,1.0,,
2002-014,,,1.0,0.0,,,,0.0,1.0,,,,,,,,,,,1.0,,,,,1.0,,,0.0,,1.0,,,,,,,1.0,,
2002-015,,,1.0,1.0,,,,1.0,1.0,,,,,,,,,,,0.0,,,,,1.0,,,1.0,,0.0,,,,,,,1.0,,
2002-018,,,1.0,1.0,,,,1.0,1.0,,,,,,,,,,,1.0,,,,,1.0,,,1.0,,0.0,,,,,,,1.0,,
2002-019,,,1.0,1.0,,,,0.0,1.0,,,,,,,,,,,1.0,,,,,1.0,,,1.0,,1.0,,,,,,,1.0,,
2002-021,,,1.0,1.0,,,,1.0,1.0,,,,,,,,,,,0.0,,,,,1.0,,,1.0,,1.0,,,,,,,1.0,,
2002-024,,,0.0,0.0,,,,0.0,1.0,,,,,,,,,,,1.0,,,,,1.0,,,1.0,,1.0,,,,,,,0.0,,
2002-025,,,1.0,1.0,,,,1.0,0.0,,,,,,,,,,,0.0,,,,,1.0,,,0.0,,1.0,,,,,,,1.0,,
2002-028,,,1.0,1.0,,,,1.0,0.0,,,,,,,,,,,0.0,,,,,0.0,,,1.0,,0.0,,,,,,,1.0,,
2002-029,,,1.0,1.0,,,,1.0,0.0,,,,,,,,,,,0.0,,,,,0.0,,,1.0,,0.0,,,,,,,1.0,,
2002-030,,,1.0,1.0,,,,1.0,1.0,,,,,,,,,,,0.0,,,,,0.0,,,1.0,,0.0,,,,,,,1.0,,
2002-032,,,0.0,1.0,,,,1.0,1.0,,,,,,,,,,,1.0,,,,,1.0,,,0.0,,0.0,,,,,,,0.0,,
2002-034,,,1.0,1.0,,,,1.0,0.0,,,,,,,,,,,1.0,,,,,0.0,,,1.0,,0.0,,,,,,,1.0,,
2002-036,,,1.0,1.0,,,,0.0,1.0,,,,,,,,,,,1.0,,,,,1.0,,,0.0,,1.0,,,,,,,1.0,,
2002-037,,,1.0,1.0,,,,0.0,1.0,,,,,,,,,,,0.0,,,,,1.0,,,1.0,,1.0,,,,,,,1.0,,
2002-039,,,1.0,0.0,,,,0.0,1.0,,,,,,,,,,,1.0,,,,,1.0,,,1.0,,1.0,,,,,,,1.0,,
2002-040,,,1.0,1.0,,,,0.0,1.0,,,,,,,,,,,1.0,,,,,1.0,,,1.0,,1.0,,,,,,,1.0,,
2002-042,,,1.0,1.0,,,,1.0,1.0,,,,,,,,,,,1.0,,,,,0.0,,,1.0,,0.0,,,,,,,1.0,,
2002-047,,,1.0,1.0,,,,1.0,0.0,,,,,,,,,,,0.0,,,,,0.0,,,1.0,,0.0,,,,,,,1.0,,
2002-048,,,0.0,0.0,,,,0.0,1.0,,,,,,,,,,,0.0,,,,,1.0,,,1.0,,1.0,,,,,,,1.0,,
2002-057,,,0.0,0.0,,,,0.0,1.0,,,,,,,,,,,1.0,,,,,1.0,,,1.0,,1.0,,,,,,,1.0,,
2002-058,,,0.0,1.0,,,,1.0,1.0,,,,,,,,,,,0.0,,,,,0.0,,,1.0,,1.0,,,,,,,1.0,,
2002-059,,,1.0,1.0,,,,1.0,1.0,,,,,,,,,,,1.0,,,,,1.0,,,0.0,,0.0,,,,,,,1.0,,
2002-062,,,1.0,0.0,,,,0.0,1.0,,,,,,,,,,,1.0,,,,,1.0,,,1.0,,1.0,,,,,,,1.0,,
2002-063,,,1.0,1.0,,,,1.0,1.0,,,,,,,,,,,1.0,,,,,1.0,,,1.0,,0.0,,,,,,,1.0,,
2002-066,,,1.0,1.0,,,,0.0,1.0,,,,,,,,,,,1.0,,,,,1.0,,,1.0,,1.0,,,,,,,1.0,,
2002-067,,,1.0,0.0,,,,1.0,1.0,,,,,,,,,,,1.0,,,,,0.0,,,1.0,,0.0,,,,,,,0.0,,
2002-070,,,1.0,1.0,,,,1.0,1.0,,,,,,,,,,,0.0,,,,,1.0,,,1.0,,1.0,,,,,,,1.0,,
2002-074,,,1.0,0.0,,,,0.0,1.0,,,,,,,,,,,1.0,,,,,1.0,,,1.0,,1.0,,,,,,,1.0,,
2002-075,,,1.0,0.0,,,,0.0,1.0,,,,,,,,,,,1.0,,,,,1.0,,,0.0,,1.0,,,,,,,1.0,,
2002-076,,,1.0,1.0,,,,1.0,0.0,,,,,,,,,,,0.0,,,,,0.0,,,1.0,,1.0,,,,,,,1.0,,
2002-077,,,1.0,1.0,,,,1.0,0.0,,,,,,,,,,,0.0,,,,,0.0,,,1.0,,1.0,,,,,,,1.0,,
2002-078,,,0.0,0.0,,,,0.0,1.0,,,,,,,,,,,1.0,,,,,1.0,,,1.0,,1.0,,,,,,,0.0,,
2002-079,,,1.0,0.0,,,,0.0,1.0,,,,,,,,,,,0.0,,,,,0.0,,,1.0,,1.0,,,,,,,1.0,,
2002-081,,,1.0,1.0,,,,1.0,0.0,,,,,,,,,,,0.0,,,,,0.0,,,1.0,,0.0,,,,,,,1.0,,
2002-082,,,1.0,0.0,,,,0.0,1.0,,,,,,,,,,,1.0,,,,,1.0,,,1.0,,1.0,,,,,,,1.0,,
2002-083,,,1.0,0.0,,,,0.0,1.0,,,,,,,,,,,1.0,,,,,1.0,,,1.0,,1.0,,,,,,,0.0,,
2002-084,,,0.0,0.0,,,,0.0,1.0,,,,,,,,,,,1.0,,,,,1.0,,,1.0,,1.0,,,,,,,0.0,,
2002-085,,,0.0,1.0,,,,1.0,1.0,,,,,,,,,,,1.0,,,,,1.0,,,0.0,,0.0,,,,,,,1.0,,
2003-005,,,1.0,1.0,,,,1.0,,,,,,,,,,,,1.0,,,,,1.0,,,1.0,,,,,,,,,1.0,,
2003-006,,,0.0,0.0,,,,0.0,1.0,,,,,,,,,,,1.0,,,,,1.0,,,1.0,,1.0,,,,,,,0.0,,
2003-023,,,1.0,1.0,,,,1.0,0.0,,,,,,,,,,,0.0,,,,,0.0,,,1.0,,1.0,,,,,,,1.0,,
2003-026,,,0.0,0.0,,,,0.0,1.0,,,,,,,,,,,1.0,,,,,1.0,,,1.0,,1.0,,,,,,,0.0,,
2003-030,,,0.0,0.0,,,,0.0,1.0,,,,,,,,,,,1.0,,,,,1.0,,,1.0,,1.0,,,,,,,0.0,,
2003-031,,,0.0,0.0,,,,0.0,1.0,,,,,,,,,,,1.0,,,,,1.0,,,1.0,,1.0,,,,,,,1.0,,
2003-033,,,1.0,0.0,,,,1.0,1.0,,,,,,,,,,,1.0,,,,,1.0,,,0.0,,,,,,,,,1.0,,
2003-034,,,1.0,0.0,,,,0.0,1.0,,,,,,,,,,,1.0,,,,,1.0,,,1.0,,1.0,,,,,,,1.0,,
2003-035,,,1.0,0.0,,,,0.0,1.0,,,,,,,,,,,1.0,,,,,1.0,,,1.0,,1.0,,,,,,,1.0,,
2003-039,,,1.0,1.0,,,,1.0,1.0,,,,,,,,,,,0.0,,,,,1.0,,,1.0,,1.0,,,,,,,1.0,,
2003-044,,,1.0,1.0,,,,1.0,1.0,,,,,,,,,,,0.0,,,,,1.0,,,1.0,,1.0,,,,,,,1.0,,
2003-047,,,1.0,1.0,,,,1.0,0.0,,,,,,,,,,,0.0,,,,,0.0,,,1.0,,1.0,,,,,,,1.0,,
2003-048,,,1.0,0.0,,,,1.0,0.0,,,,,,,,,,,1.0,,,,,1.0,,,1.0,,1.0,,,,,,,1.0,,
2003-050,,,1.0,1.0,,,,1.0,0.0,,,,,,,,,,,1.0,,,,,1.0,,,1.0,,1.0,,,,,,,1.0,,
2003-051,,,1.0,1.0,,,,1.0,0.0,,,,,,,,,,,0.0,,,,,0.0,,,1.0,,0.0,,,,,,,1.0,,
2003-053,,,0.0,1.0,,,,1.0,0.0,,,,,,,,,,,0.0,,,,,1.0,,,1.0,,1.0,,,,,,,1.0,,
2003-054,,,1.0,0.0,,,,0.0,1.0,,,,,,,,,,,1.0,,,,,1.0,,,1.0,,1.0,,,,,,,1.0,,
2003-057,,,1.0,0.0,,,,0.0,1.0,,,,,,,,,,,1.0,,,,,1.0,,,1.0,,1.0,,,,,,,1.0,,
2003-058,,,0.0,0.0,,,,1.0,1.0,,,,,,,,,,,1.0,,,,,1.0,,,0.0,,1.0,,,,,,,0.0,,
2003-059,,,0.0,0.0,,,,0.0,1.0,,,,,,,,,,,1.0,,,,,1.0,,,1.0,,1.0,,,,,,,0.0,,
2003-060,,,1.0,1.0,,,,1.0,0.0,,,,,,,,,,,0.0,,,,,0.0,,,1.0,,0.0,,,,,,,1.0,,
2003-062,,,1.0,1.0,,,,1.0,0.0,,,,,,,,,,,0.0,,,,,1.0,,,1.0,,1.0,,,,,,,1.0,,
2003-064,,,1.0,1.0,,,,1.0,0.0,,,,,,,,,,,0.0,,,,,0.0,,,1.0,,0.0,,,,,,,1.0,,
2003-065,,,0.0,1.0,,,,0.0,1.0,,,,,,,,,,,1.0,,,,,1.0,,,1.0,,1.0,,,,,,,0.0,,
2003-069,,,1.0,,,,,1.0,1.0,,,,,,,,,,,1.0,,,,,1.0,,,1.0,,1.0,,,,,,,1.0,,
2003-072,,,0.0,0.0,,,,0.0,1.0,,,,,,,,,,,1.0,,,,,1.0,,,1.0,,1.0,,,,,,,0.0,,
2003-073,,,1.0,1.0,,,,0.0,1.0,,,,,,,,,,,1.0,,,,,1.0,,,1.0,,1.0,,,,,,,1.0,,
2003-074,,,1.0,1.0,,,,1.0,1.0,,,,,,,,,,,1.0,,,,,1.0,,,,,1.0,,,,,,,1.0,,
2003-075,,,1.0,1.0,,,,1.0,0.0,,,,,,,,,,,0.0,,,,,0.0,,,1.0,,0.0,,,,,,,1.0,,
2003-077,,,1.0,1.0,,,,1.0,1.0,,,,,,,,,,,1.0,,,,,0.0,,,1.0,,0.0,,,,,,,1.0,,
2003-078,,,1.0,1.0,,,,1.0,1.0,,,,,,,,,,,1.0,,,,,1.0,,,1.0,,0.0,,,,,,,1.0,,
2003-079,,,1.0,0.0,,,,0.0,1.0,,,,,,,,,,,1.0,,,,,1.0,,,1.0,,1.0,,,,,,,0.0,,
2003-080,,,0.0,1.0,,,,1.0,1.0,,,,,,,,,,,1.0,,,,,1.0,,,0.0,,0.0,,,,,,,0.0,,
2003-081,,,1.0,1.0,,,,1.0,0.0,,,,,,,,,,,0.0,,,,,0.0,,,1.0,,0.0,,,,,,,1.0,,
2003-082,,,1.0,1.0,,,,1.0,0.0,,,,,,,,,,,1.0,,,,,0.0,,,1.0,,1.0,,,,,,,1.0,,
2003-083,,,1.0,1.0,,,,1.0,0.0,,,,,,,,,,,0.0,,,,,0.0,,,1.0,,0.0,,,,,,,1.0,,
2003-084,,,1.0,1.0,,,,1.0,0.0,,,,,,,,,,,0.0,,,,,0.0,,,1.0,,0.0,,,,,,,1.0,,
2003-085,,,1.0,0.0,,,,0.0,1.0,,,,,,,,,,,1.0,,,,,1.0,,,1.0,,1.0,,,,,,,0.0,,
2003-086,,,1.0,1.0,,,,0.0,1.0,,,,,,,,,,,1.0,,,,,1.0,,,1.0,,1.0,,,,,,,1.0,,
2003-087,,,1.0,0.0,,,,0.0,1.0,,,,,,,,,,,1.0,,,,,1.0,,,0.0,,1.0,,,,,,,0.0,,
2003-088,,,1.0,1.0,,,,1.0,0.0,,,,,,,,,,,0.0,,,,,0.0,,,1.0,,0.0,,,,,,,1.0,,
2003-090,,,1.0,0.0,,,,1.0,1.0,,,,,,,,,,,1.0,,,,,1.0,,,0.0,,0.0,,,,,,,0.0,,
2003-091,,,1.0,0.0,,,,0.0,1.0,,,,,,,,,,,1.0,,,,,1.0,,,1.0,,1.0,,,,,,,0.0,,
2004-003,,,1.0,0.0,,,,0.0,1.0,,,,,,,,,,,1.0,,,,,1.0,,,1.0,,1.0,,,,,,,1.0,,
2004-006,,,1.0,1.0,,,,1.0,1.0,,,,,,,,,,,0.0,,,,,1.0,,,1.0,,1.0,,,,,,,1.0,,
2004-008,,,1.0,1.0,,,,1.0,0.0,,,,,,,,,,,0.0,,,,,0.0,,,1.0,,1.0,,,,,,,1.0,,
2004-009,,,1.0,1.0,,,,1.0,1.0,,,,,,,,,,,1.0,,,,,1.0,,,1.0,,1.0,,,,,,,0.0,,
2004-011,,,1.0,1.0,,,,1.0,1.0,,,,,,,,,,,1.0,,,,,1.0,,,1.0,,1.0,,,,,,,0.0,,
2004-014,,,1.0,0.0,,,,0.0,0.0,,,,,,,,,,,0.0,,,,,1.0,,,1.0,,1.0,,,,,,,1.0,,
2004-016,,,1.0,1.0,,,,0.0,1.0,,,,,,,,,,,1.0,,,,,1.0,,,1.0,,1.0,,,,,,,0.0,,
2004-017,,,1.0,1.0,,,,1.0,0.0,,,,,,,,,,,1.0,,,,,0.0,,,1.0,,1.0,,,,,,,0.0,,
2004-018,,,1.0,1.0,,,,1.0,1.0,,,,,,,,,,,1.0,,,,,1.0,,,1.0,,1.0,,,,,,,0.0,,
2004-021,,,0.0,1.0,,,,1.0,1.0,,,,,,,,,,,1.0,,,,,0.0,,,1.0,,0.0,,,,,,,0.0,,
2004-022,,,1.0,1.0,,,,1.0,1.0,,,,,,,,,,,1.0,,,,,1.0,,,1.0,,1.0,,,,,,,0.0,,
2004-024,,,1.0,0.0,,,,0.0,1.0,,,,,,,,,,,1.0,,,,,1.0,,,0.0,,1.0,,,,,,,0.0,,
2004-027,,,0.0,1.0,,,,1.0,1.0,,,,,,,,,,,1.0,,,,,1.0,,,0.0,,0.0,,,,,,,0.0,,
2004-028,,,1.0,1.0,,,,0.0,1.0,,,,,,,,,,,1.0,,,,,1.0,,,1.0,,1.0,,,,,,,0.0,,
2004-029,,,0.0,1.0,,,,1.0,1.0,,,,,,,,,,,1.0,,,,,1.0,,,1.0,,1.0,,,,,,,1.0,,
2004-032,,,1.0,1.0,,,,1.0,0.0,,,,,,,,,,,0.0,,,,,0.0,,,1.0,,1.0,,,,,,,0.0,,
2004-033,,,0.0,0.0,,,,0.0,1.0,,,,,,,,,,,1.0,,,,,1.0,,,1.0,,1.0,,,,,,,0.0,,
2004-034,,,1.0,1.0,,,,1.0,1.0,,,,,,,,,,,0.0,,,,,1.0,,,1.0,,1.0,,,,,,,1.0,,
2004-035,,,1.0,1.0,,,,1.0,1.0,,,,,,,,,,,1.0,,,,,1.0,,,1.0,,1.0,,,,,,,0.0,,
2004-038,,,0.0,0.0,,,,1.0,1.0,,,,,,,,,,,0.0,,,,,0.0,,,1.0,,1.0,,,,,,,1.0,,
2004-041,,,1.0,0.0,,,,1.0,0.0,,,,,,,,,,,1.0,,,,,0.0,,,1.0,,0.0,,,,,,,1.0,,
2004-042,,,0.0,0.0,,,,0.0,1.0,,,,,,,,,,,1.0,,,,,1.0,,,1.0,,1.0,,,,,,,0.0,,
2004-043,,,1.0,1.0,,,,1.0,0.0,,,,,,,,,,,0.0,,,,,0.0,,,1.0,,0.0,,,,,,,1.0,,
2004-044,,,1.0,0.0,,,,0.0,1.0,,,,,,,,,,,1.0,,,,,1.0,,,1.0,,1.0,,,,,,,1.0,,
2004-045,,,1.0,1.0,,,,0.0,1.0,,,,,,,,,,,0.0,,,,,1.0,,,0.0,,1.0,,,,,,,0.0,,
2004-047,,,0.0,1.0,,,,1.0,0.0,,,,,,,,,,,0.0,,,,,1.0,,,1.0,,1.0,,,,,,,1.0,,
2004-048,,,1.0,1.0,,,,1.0,0.0,,,,,,,,,,,0.0,,,,,0.0,,,1.0,,1.0,,,,,,,1.0,,
2004-049,,,1.0,0.0,,,,0.0,1.0,,,,,,,,,,,1.0,,,,,1.0,,,1.0,,1.0,,,,,,,1.0,,
2004-050,,,1.0,1.0,,,,1.0,0.0,,,,,,,,,,,0.0,,,,,1.0,,,0.0,,0.0,,,,,,,1.0,,
2004-053,,,1.0,0.0,,,,0.0,1.0,,,,,,,,,,,1.0,,,,,1.0,,,1.0,,1.0,,,,,,,1.0,,
2004-054,,,1.0,1.0,,,,0.0,1.0,,,,,,,,,,,1.0,,,,,1.0,,,0.0,,1.0,,,,,,,0.0,,
2004-055,,,1.0,0.0,,,,0.0,1.0,,,,,,,,,,,1.0,,,,,1.0,,,1.0,,1.0,,,,,,,0.0,,
2004-056,,,1.0,0.0,,,,1.0,1.0,,,,,,,,,,,1.0,,,,,1.0,,,0.0,,1.0,,,,,,,0.0,,
2004-057,,,1.0,1.0,,,,0.0,1.0,,,,,,,,,,,1.0,,,,,1.0,,,1.0,,1.0,,,,,,,1.0,,
2004-061,,,1.0,0.0,,,,0.0,1.0,,,,,,,,,,,1.0,,,,,1.0,,,1.0,,1.0,,,,,,,0.0,,
2004-064,,,1.0,1.0,,,,1.0,0.0,,,,,,,,,,,0.0,,,,,0.0,,,1.0,,0.0,,,,,,,1.0,,
2004-065,,,0.0,0.0,,,,0.0,1.0,,,,,,,,,,,1.0,,,,,1.0,,,1.0,,1.0,,,,,,,0.0,,
2004-066,,,1.0,1.0,,,,1.0,1.0,,,,,,,,,,,1.0,,,,,0.0,,,1.0,,0.0,,,,,,,1.0,,
2004-069,,,1.0,0.0,,,,0.0,1.0,,,,,,,,,,,1.0,,,,,1.0,,,0.0,,1.0,,,,,,,0.0,,
2004-070,,,1.0,1.0,,,,1.0,0.0,,,,,,,,,,,0.0,,,,,1.0,,,1.0,,1.0,,,,,,,1.0,,
2004-071,,,1.0,1.0,,,,1.0,1.0,,,,,,,,,,,0.0,,,,,0.0,,,0.0,,0.0,,,,,,,1.0,,
2004-073,,,1.0,0.0,,,,0.0,1.0,,,,,,,,,,,1.0,,,,,1.0,,,1.0,,1.0,,,,,,,1.0,,
2004-074,,,1.0,1.0,,,,1.0,0.0,,,,,,,,,,,0.0,,,,,1.0,,,1.0,,1.0,,,,,,,1.0,,
2004-075,,,1.0,1.0,,,,1.0,0.0,,,,,,,,,,,0.0,,,,,0.0,,,0.0,,1.0,,,,,,,1.0,,
2004-076,,,1.0,1.0,,,,1.0,1.0,,,,,,,,,,,0.0,,,,,0.0,,,1.0,,1.0,,,,,,,1.0,,
2004-077,,,1.0,1.0,,,,1.0,0.0,,,,,,,,,,,0.0,,,,,0.0,,,1.0,,0.0,,,,,,,1.0,,
2004-078,,,0.0,0.0,,,,0.0,1.0,,,,,,,,,,,1.0,,,,,1.0,,,1.0,,1.0,,,,,,,0.0,,
2004-080,,,1.0,0.0,,,,1.0,0.0,,,,,,,,,,,1.0,,,,,0.0,,,1.0,,1.0,,,,,,,1.0,,
2005-007,,,1.0,1.0,,,,1.0,1.0,,,,,,,,,0.0,,1.0,,,,,0.0,,,1.0,,0.0,,,,,,,,,
2005-011,,,0.0,1.0,,,,1.0,1.0,,,,,,,,,1.0,,1.0,,,,,0.0,,,1.0,,1.0,,,,,,,,,
2005-015,,,1.0,1.0,,,,0.0,1.0,,,,,,,,,1.0,,0.0,,,,,1.0,,,1.0,,1.0,,,,,,,,,
2005-017,,,1.0,1.0,,,,1.0,0.0,,,,,,,,,1.0,,0.0,,,,,0.0,,,1.0,,0.0,,,,,,,,,
2005-018,,,1.0,0.0,,,,0.0,1.0,,,,,,,,,0.0,,1.0,,,,,1.0,,,1.0,,1.0,,,,,,,,,
2005-019,,,1.0,1.0,,,,0.0,1.0,,,,,,,,,1.0,,1.0,,,,,1.0,,,1.0,,1.0,,,,,,,,,
2005-023,,,0.0,0.0,,,,0.0,1.0,,,,,,,,,0.0,,1.0,,,,,1.0,,,1.0,,1.0,,,,,,,,,
2005-024,,,0.0,1.0,,,,1.0,1.0,,,,,,,,,1.0,,0.0,,,,,1.0,,,1.0,,1.0,,,,,,,,,
2005-026,,,1.0,1.0,,,,1.0,1.0,,,,,,,,,0.0,,1.0,,,,,1.0,,,1.0,,1.0,,,,,,,,,
2005-027,,,1.0,1.0,,,,1.0,1.0,,,,,,,,,1.0,,1.0,,,,,1.0,,0.0,,,1.0,,,,,,,,,
2005-028,,,1.0,1.0,,,,0.0,1.0,,,,,,,,,1.0,,1.0,,,,,1.0,,0.0,,,1.0,,,,,,,,,
2005-032,,,1.0,1.0,,,,1.0,1.0,,,,,,,,,1.0,,1.0,,,,,1.0,,0.0,,,1.0,,,,,,,,,
2005-033,,,1.0,1.0,,,,0.0,1.0,,,,,,,,,1.0,,1.0,,,,,1.0,,0.0,,,1.0,,,,,,,,,
2005-034,,,1.0,1.0,,,,1.0,1.0,,,,,,,,,1.0,,1.0,,,,,1.0,,0.0,,,1.0,,,,,,,,,
2005-035,,,1.0,1.0,,,,1.0,1.0,,,,,,,,,1.0,,1.0,,,,,1.0,,0.0,,,1.0,,,,,,,,,
2005-036,,,1.0,1.0,,,,1.0,1.0,,,,,,,,,1.0,,1.0,,,,,1.0,,0.0,,,1.0,,,,,,,,,
2005-037,,,1.0,1.0,,,,1.0,1.0,,,,,,,,,1.0,,1.0,,,,,1.0,,0.0,,,1.0,,,,,,,,,
2005-038,,,1.0,1.0,,,,1.0,1.0,,,,,,,,,1.0,,1.0,,,,,1.0,,0.0,,,1.0,,,,,,,,,
2005-039,,,1.0,1.0,,,,1.0,1.0,,,,,,,,,1.0,,1.0,,,,,1.0,,0.0,,,1.0,,,,,,,,,
2005-040,,,1.0,1.0,,,,1.0,1.0,,,,,,,,,1.0,,1.0,,,,,1.0,,0.0,,,1.0,,,,,,,,,
2005-041,,,1.0,1.0,,,,1.0,1.0,,,,,,,,,1.0,,1.0,,,,,1.0,,0.0,,,1.0,,,,,,,,,
2005-042,,,1.0,0.0,,,,0.0,1.0,,,,,,,,,0.0,,1.0,,,,,1.0,,0.0,,,1.0,,,,,,,,,
2005-047,,,1.0,0.0,,,,0.0,1.0,,,,,,,,,1.0,,1.0,,,,,1.0,,1.0,,,0.0,,,,,,,,,
2005-048,,,0.0,0.0,,,,0.0,1.0,,,,,,,,,1.0,,1.0,,,,,1.0,,0.0,,,1.0,,,,,,,,,
2005-049,,,1.0,1.0,,,,1.0,1.0,,,,,,,,,0.0,,1.0,,,,,0.0,,0.0,,,0.0,,,,,,,,,
2005-057,,,1.0,1.0,,,,1.0,1.0,,,,,,,,,1.0,,0.0,,,,,1.0,,1.0,,,1.0,,,,,,,,,
2005-058,,,1.0,1.0,,,,1.0,0.0,,,,,,,,,1.0,,0.0,,,,,0.0,,1.0,,,0.0,,,,,,,,,
2005-061,,,1.0,1.0,,,,1.0,1.0,,,,,,,,,1.0,,1.0,,,,,1.0,,0.0,,,1.0,,,,,,,,,
2005-063,,,1.0,0.0,,,,0.0,1.0,,,,,,,,,0.0,,1.0,,,,,1.0,,0.0,,,1.0,,,,,,,,,
2005-065,,,1.0,1.0,,,,1.0,0.0,,,,,,,,,1.0,,0.0,,,,,0.0,,1.0,,,0.0,,,,,,,,,
2005-067,,,0.0,1.0,,,,1.0,0.0,,,,,,,,,1.0,,1.0,,,,,1.0,,0.0,,,1.0,,,,,,,,,
2005-068,,,0.0,1.0,,,,1.0,0.0,,,,,,,,,1.0,,1.0,,,,,1.0,,0.0,,,0.0,,,,,,,,,
2005-069,,,1.0,1.0,,,,1.0,0.0,,,,,,,,,1.0,,0.0,,,,,0.0,,1.0,,,0.0,,,,,,,,,
2005-071,,,1.0,1.0,,,,1.0,0.0,,,,,,,,,1.0,,0.0,,,,,1.0,,1.0,,,0.0,,,,,,,,,
2005-073,,,1.0,1.0,,,,1.0,0.0,,,,,,,,,1.0,,1.0,,,,,1.0,,1.0,,,0.0,,,,,,,,,
2005-074,,,1.0,1.0,,,,1.0,1.0,,,,,,,,,1.0,,0.0,,,,,1.0,,1.0,,,1.0,,,,,,,,,
2005-076,,,1.0,1.0,,,,1.0,0.0,,,,,,,,,1.0,,0.0,,,,,0.0,,1.0,,,1.0,,,,,,,,,
2005-077,,,1.0,1.0,,,,1.0,0.0,,,,,,,,,0.0,,0.0,,,,,1.0,,1.0,,,0.0,,,,,,,,,
2005-078,,,0.0,1.0,,,,0.0,1.0,,,,,,,,,0.0,,1.0,,,,,1.0,,0.0,,,1.0,,,,,,,,,
2005-079,,,1.0,1.0,,,,1.0,0.0,,,,,,,,,1.0,,0.0,,,,,0.0,,1.0,,,0.0,,,,,,,,,
2005-080,,,1.0,1.0,,,,1.0,1.0,,,,,,,,,1.0,,0.0,,,,,0.0,,1.0,,,1.0,,,,,,,,,
2005-081,,,1.0,1.0,,,,1.0,0.0,,,,,,,,,1.0,,0.0,,,,,0.0,,1.0,,,1.0,,,,,,,,,
2005-082,,,1.0,1.0,,,,1.0,0.0,,,,,,,,,1.0,,0.0,,,,,1.0,,1.0,,,0.0,,,,,,,,,
2005-083,,,1.0,1.0,,,,1.0,0.0,,,,,,,,,1.0,,0.0,,,,,1.0,,1.0,,,0.0,,,,,,,,,
2005-084,,,1.0,0.0,,,,0.0,1.0,,,,,,,,,0.0,,1.0,,,,,1.0,,0.0,,,1.0,,,,,,,,,
2005-085,,,1.0,1.0,,,,1.0,1.0,,,,,,,,,1.0,,0.0,,,,,0.0,,0.0,,,1.0,,,,,,,,,
2005-086,,,1.0,0.0,,,,0.0,1.0,,,,,,,,,0.0,,1.0,,,,,1.0,,0.0,,,1.0,,,,,,,,,
2005-087,,,0.0,1.0,,,,1.0,1.0,,,,,,,,,1.0,,0.0,,,,,0.0,,1.0,,,0.0,,,,,,,,,
2006-002,,,1.0,1.0,,,,1.0,0.0,,,,,,,,,1.0,,0.0,,,,,0.0,,1.0,,,0.0,,,,,,,,,
2006-003,,,1.0,1.0,,,,0.0,1.0,,,,,,,,,1.0,,1.0,,,,,1.0,,1.0,,,1.0,,,,,,,,,
2006-006,,,1.0,1.0,,,,1.0,1.0,,,,,,,,,0.0,,1.0,,,,,1.0,,1.0,,,0.0,,,,,,,,,
2006-007,,,1.0,0.0,,,,1.0,1.0,,,,,,,,,1.0,,1.0,,,,,1.0,,1.0,,,1.0,,,,,,,,,
2006-008,,,1.0,1.0,,,,0.0,1.0,,,,,,,,,1.0,,1.0,,,,,1.0,,1.0,,,1.0,,,,,,,,,
2006-013,,,1.0,0.0,,,,0.0,1.0,,,,,,,,,1.0,,1.0,,,,,1.0,,1.0,,,1.0,,,,,,,,,
2006-014,,,0.0,1.0,,,,1.0,1.0,,,,,,,,,1.0,,1.0,,,,,1.0,,0.0,,,0.0,,,,,,,,,
2006-016,,,1.0,1.0,,,,1.0,0.0,,,,,,,,,1.0,,0.0,,,,,0.0,,1.0,,,0.0,,,,,,,,,
2006-017,,,1.0,0.0,,,,0.0,1.0,,,,,,,,,1.0,,0.0,,,,,0.0,,1.0,,,1.0,,,,,,,,,
2006-018,,,1.0,0.0,,,,0.0,1.0,,,,,,,,,0.0,,1.0,,,,,1.0,,0.0,,,1.0,,,,,,,,,
2006-019,,,1.0,1.0,,,,1.0,1.0,,,,,,,,,1.0,,1.0,,,,,0.0,,1.0,,,0.0,,,,,,,,,
2006-024,,,1.0,1.0,,,,1.0,1.0,,,,,,,,,1.0,,0.0,,,,,0.0,,1.0,,,0.0,,,,,,,,,
2006-025,,,1.0,1.0,,,,1.0,0.0,,,,,,,,,1.0,,0.0,,,,,0.0,,0.0,,,1.0,,,,,,,,,
2006-026,,,1.0,0.0,,,,0.0,1.0,,,,,,,,,0.0,,1.0,,,,,1.0,,0.0,,,1.0,,,,,,,,,
2006-028,,,1.0,0.0,,,,0.0,1.0,,,,,,,,,0.0,,0.0,,,,,1.0,,1.0,,,1.0,,,,,,,,,
2006-029,,,1.0,0.0,,,,0.0,1.0,,,,,,,,,1.0,,1.0,,,,,1.0,,1.0,,,1.0,,,,,,,,,
2006-030,,,1.0,0.0,,,,0.0,0.0,,,,,,,,,0.0,,1.0,,,,,1.0,,1.0,,,1.0,,,,,,,,,
2006-031,,,1.0,1.0,,,,1.0,0.0,,,,,,,,,1.0,,0.0,,,,,0.0,,1.0,,,0.0,,,,,,,,,
2006-033,,,1.0,0.0,,,,0.0,1.0,,,,,,,,,0.0,,1.0,,,,,1.0,,0.0,,,1.0,,,,,,,,,
2006-035,,,1.0,0.0,,,,0.0,1.0,,,,,,,,,0.0,,1.0,,,,,1.0,,0.0,,,1.0,,,,,,,,,
2006-036,,,0.0,1.0,,,,1.0,1.0,,,,,,,,,1.0,,0.0,,,,,1.0,,0.0,,,1.0,,,,,,,,,
2006-037,,,1.0,1.0,,,,1.0,1.0,,,,,,,,,1.0,,0.0,,,,,1.0,,1.0,,,1.0,,,,,,,,,
2006-040,,,1.0,1.0,,,,1.0,1.0,,,,,,,,,0.0,,0.0,,,,,1.0,,1.0,,,1.0,,,,,,,,,
2006-041,,,1.0,1.0,,,,1.0,0.0,,,,,,,,,1.0,,0.0,,,,,0.0,,1.0,,,0.0,,,,,,,,,
2006-043,,,1.0,1.0,,,,1.0,1.0,,,,,,,,,0.0,,1.0,,,,,1.0,,1.0,,,1.0,,,,,,,,,
2006-044,,,1.0,0.0,,,,0.0,1.0,,,,,,,,,1.0,,1.0,,,,,1.0,,1.0,,,1.0,,,,,,,,,
2006-045,,,1.0,1.0,,,,1.0,1.0,,,,,,,,,1.0,,0.0,,,,,0.0,,1.0,,,1.0,,,,,,,,,
2006-046,,,1.0,0.0,,,,0.0,1.0,,,,,,,,,1.0,,1.0,,,,,1.0,,0.0,,,1.0,,,,,,,,,
2006-048,,,1.0,1.0,,,,1.0,0.0,,,,,,,,,1.0,,0.0,,,,,0.0,,1.0,,,0.0,,,,,,,,,
2006-049,,,1.0,1.0,,,,1.0,0.0,,,,,,,,,1.0,,0.0,,,,,0.0,,1.0,,,0.0,,,,,,,,,
2006-055,,,1.0,1.0,,,,1.0,0.0,,,,,,,,,1.0,,0.0,,,,,0.0,,1.0,,,0.0,,,,,,,,,
2006-060,,,1.0,1.0,,,,1.0,1.0,,,,,,,,,1.0,,0.0,,,,,1.0,,1.0,,,0.0,,,,,,,,,
2006-061,,,1.0,1.0,,,,1.0,0.0,,,,,,,,,1.0,,0.0,,,,,0.0,,1.0,,,0.0,,,,,,,,,
2006-062,,,1.0,1.0,,,,1.0,1.0,,,,,,,,,1.0,,0.0,,,,,1.0,,1.0,,,0.0,,,,,,,,,
2006-064,,,0.0,1.0,,,,0.0,1.0,,,,,,,,,1.0,,1.0,,,,,1.0,,1.0,,,1.0,,,,,,,,,
2006-066,,,1.0,1.0,,,,1.0,1.0,,,,,,,,,1.0,,0.0,,,,,1.0,,1.0,,,1.0,,,,,,,,,
2006-067,,,1.0,1.0,,,,1.0,0.0,,,,,,,,,1.0,,1.0,,,,,1.0,,1.0,,,1.0,,,,,,,,,
2006-068,,,1.0,1.0,,,,1.0,0.0,,,,,,,,,1.0,,0.0,,,,,0.0,,1.0,,,0.0,,,,,,,,,
2006-069,,,1.0,1.0,,,,1.0,0.0,,,,,,,,,1.0,,0.0,,,,,0.0,,1.0,,,0.0,,,,,,,,,
2006-070,,,1.0,1.0,,,,1.0,1.0,,,,,,,,,1.0,,0.0,,,,,0.0,,1.0,,,1.0,,,,,,,,,
2006-071,,,1.0,1.0,,,,1.0,0.0,,,,,,,,,1.0,,0.0,,,,,0.0,,1.0,,,0.0,,,,,,,,,
2006-072,,,1.0,1.0,,,,1.0,0.0,,,,,,,,,1.0,,0.0,,,,,0.0,,1.0,,,0.0,,,,,,,,,
2006-073,,,1.0,1.0,,,,1.0,0.0,,,,,,,,,1.0,,0.0,,,,,0.0,,1.0,,,0.0,,,,,,,,,
2006-074,,,1.0,1.0,,,,1.0,0.0,,,,,,,,,1.0,,0.0,,,,,0.0,,1.0,,,0.0,,,,,,,,,
2006-075,,,1.0,0.0,,,,0.0,1.0,,,,,,,,,0.0,,1.0,,,,,1.0,,0.0,,,1.0,,,,,,,,,
2007-001,,,0.0,0.0,,,,0.0,0.0,,,,,,,,,0.0,,0.0,,,,,0.0,,0.0,,,0.0,,,,,,,,,
2007-005,,,1.0,1.0,,,,0.0,1.0,,,,,,,,,1.0,,1.0,,,,,1.0,,0.0,,,1.0,,,,,,,,,
2007-007,,,1.0,1.0,,,,0.0,1.0,,,,,,,,,1.0,,1.0,,,,,1.0,,0.0,,,1.0,,,,,,,,,
2007-010,,,1.0,1.0,,,,1.0,1.0,,,,,,,,,1.0,,0.0,,,,,0.0,,1.0,,,1.0,,,,,,,,,
2007-011,,,1.0,1.0,,,,1.0,0.0,,,,,,,,,1.0,,0.0,,,,,0.0,,1.0,,,0.0,,,,,,,,,
2007-014,,,0.0,1.0,,,,1.0,0.0,,,,,,,,,1.0,,0.0,,,,,1.0,,1.0,,,0.0,,,,,,,,,
2007-016,,,0.0,1.0,,,,1.0,1.0,,,,,,,,,0.0,,1.0,,,,,1.0,,1.0,,,1.0,,,,,,,,,
2007-017,,,1.0,1.0,,,,1.0,1.0,,,,,,,,,1.0,,1.0,,,,,0.0,,1.0,,,1.0,,,,,,,,,
2007-018,,,1.0,1.0,,,,0.0,1.0,,,,,,,,,1.0,,1.0,,,,,1.0,,1.0,,,1.0,,,,,,,,,
2007-021,,,1.0,0.0,,,,0.0,1.0,,,,,,,,,1.0,,1.0,,,,,1.0,,1.0,,,1.0,,,,,,,,,
2007-023,,,0.0,0.0,,,,0.0,0.0,,,,,,,,,0.0,,0.0,,,,,0.0,,0.0,,,0.0,,,,,,,,,
2007-024,,,0.0,0.0,,,,1.0,1.0,,,,,,,,,1.0,,1.0,,,,,1.0,,1.0,,,1.0,,,,,,,,,
2007-025,,,1.0,0.0,,,,0.0,1.0,,,,,,,,,1.0,,1.0,,,,,1.0,,1.0,,,1.0,,,,,,,,,
2007-026,,,1.0,1.0,,,,1.0,0.0,,,,,,,,,1.0,,1.0,,,,,0.0,,1.0,,,0.0,,,,,,,,,
2007-027,,,0.0,1.0,,,,1.0,1.0,,,,,,,,,1.0,,0.0,,,,,1.0,,1.0,,,0.0,,,,,,,,,
2007-028,,,1.0,0.0,,,,1.0,1.0,,,,,,,,,1.0,,0.0,,,,,1.0,,0.0,,,0.0,,,,,,,,,
2007-031,,,1.0,1.0,,,,1.0,0.0,,,,,,,,,1.0,,1.0,,,,,0.0,,1.0,,,1.0,,,,,,,,,
2007-033,,,1.0,1.0,,,,0.0,0.0,,,,,,,,,1.0,,1.0,,,,,1.0,,0.0,,,1.0,,,,,,,,,
2007-035,,,1.0,1.0,,,,1.0,0.0,,,,,,,,,1.0,,1.0,,,,,0.0,,1.0,,,0.0,,,,,,,,,
2007-036,,,1.0,1.0,,,,0.0,1.0,,,,,,,,,1.0,,1.0,,,,,1.0,,1.0,,,1.0,,,,,,,,,
2007-037,,,1.0,1.0,,,,1.0,1.0,,,,,,,,,1.0,,1.0,,,,,1.0,,1.0,,,0.0,,,,,,,,,
2007-038,,,1.0,1.0,,,,1.0,0.0,,,,,,,,,1.0,,1.0,,,,,0.0,,1.0,,,1.0,,,,,,,,,
2007-039,,,0.0,1.0,,,,1.0,1.0,,,,,,,,,1.0,,1.0,,,,,1.0,,0.0,,,1.0,,,,,,,,,
2007-040,,,1.0,1.0,,,,1.0,0.0,,,,,,,,,1.0,,0.0,,,,,0.0,,1.0,,,1.0,,,,,,,,,
2007-041,,,1.0,1.0,,,,1.0,0.0,,,,,,,,,1.0,,0.0,,,,,1.0,,1.0,,,1.0,,,,,,,,,
2007-042,,,1.0,0.0,,,,0.0,1.0,,,,,,,,,1.0,,1.0,,,,,1.0,,1.0,,,1.0,,,,,,,,,
2007-043,,,1.0,0.0,,,,0.0,1.0,,,,,,,,,0.0,,1.0,,,,,1.0,,1.0,,,1.0,,,,,,,,,
2007-044,,,0.0,1.0,,,,1.0,1.0,,,,,,,,,0.0,,1.0,,,,,1.0,,0.0,,,0.0,,,,,,,,,
2007-047,,,1.0,1.0,,,,1.0,0.0,,,,,,,,,1.0,,0.0,,,,,0.0,,1.0,,,1.0,,,,,,,,,
2007-052,,,0.0,1.0,,,,1.0,0.0,,,,,,,,,1.0,,1.0,,,,,0.0,,1.0,,,0.0,,,,,,,,,
2007-053,,,1.0,0.0,,,,0.0,1.0,,,,,,,,,0.0,,1.0,,,,,1.0,,0.0,,,1.0,,,,,,,,,
2007-054,,,1.0,1.0,,,,1.0,0.0,,,,,,,,,1.0,,0.0,,,,,1.0,,1.0,,,1.0,,,,,,,,,
2007-056,,,1.0,0.0,,,,0.0,1.0,,,,,,,,,0.0,,1.0,,,,,1.0,,0.0,,,1.0,,,,,,,,,
2007-057,,,1.0,1.0,,,,1.0,1.0,,,,,,,,,1.0,,0.0,,,,,1.0,,1.0,,,0.0,,,,,,,,,
2007-058,,,1.0,1.0,,,,1.0,1.0,,,,,,,,,1.0,,1.0,,,,,0.0,,1.0,,,0.0,,,,,,,,,
2007-059,,,1.0,1.0,,,,0.0,1.0,,,,,,,,,1.0,,1.0,,,,,1.0,,1.0,,,0.0,,,,,,,,,
2007-060,,,0.0,0.0,,,,0.0,1.0,,,,,,,,,1.0,,1.0,,,,,1.0,,1.0,,,1.0,,,,,,,,,
2007-061,,,0.0,0.0,,,,1.0,1.0,,,,,,,,,1.0,,1.0,,,,,0.0,,0.0,,,1.0,,,,,,,,,
2007-062,,,1.0,0.0,,,,0.0,1.0,,,,,,,,,1.0,,1.0,,,,,1.0,,1.0,,,1.0,,,,,,,,,
2007-063,,,1.0,1.0,,,,0.0,1.0,,,,,,,,,1.0,,1.0,,,,,1.0,,1.0,,,1.0,,,,,,,,,
2007-064,,,1.0,1.0,,,,1.0,1.0,,,,,,,,,1.0,,0.0,,,,,1.0,,0.0,,,0.0,,,,,,,,,
2007-065,,,1.0,0.0,,,,0.0,1.0,,,,,,,,,0.0,,1.0,,,,,1.0,,0.0,,,1.0,,,,,,,,,
2007-066,,,1.0,1.0,,,,1.0,0.0,,,,,,,,,1.0,,0.0,,,,,0.0,,1.0,,,0.0,,,,,,,,,
2007-067,,,0.0,1.0,,,,1.0,1.0,,,,,,,,,1.0,,0.0,,,,,1.0,,1.0,,,0.0,,,,,,,,,
2007-068,,,1.0,0.0,,,,0.0,1.0,,,,,,,,,0.0,,1.0,,,,,1.0,,0.0,,,1.0,,,,,,,,,
2007-069,,,1.0,1.0,,,,1.0,1.0,,,,,,,,,1.0,,0.0,,,,,0.0,,0.0,,,0.0,,,,,,,,,
2007-070,,,1.0,1.0,,,,1.0,0.0,,,,,,,,,0.0,,0.0,,,,,1.0,,1.0,,,0.0,,,,,,,,,
2007-071,,,1.0,1.0,,,,1.0,0.0,,,,,,,,,1.0,,0.0,,,,,0.0,,1.0,,,0.0,,,,,,,,,
2008-003,,,1.0,1.0,,,,1.0,0.0,,,,,,,,,1.0,,0.0,,,,,0.0,,1.0,,,0.0,,,,,,,,,
2008-005,,,1.0,1.0,,,,1.0,0.0,,,,,,,,,1.0,,0.0,,,,,0.0,,1.0,,,1.0,,,,,,,,,
2008-006,,,1.0,0.0,,,,0.0,1.0,,,,,,,,,0.0,,1.0,,,,,1.0,,0.0,,,1.0,,,,,,,,,
2008-009,,,1.0,1.0,,,,1.0,0.0,,,,,,,,,1.0,,0.0,,,,,0.0,,1.0,,,0.0,,,,,,,,,
2008-010,,,1.0,0.0,,,,0.0,0.0,,,,,,,,,0.0,,1.0,,,,,1.0,,1.0,,,1.0,,,,,,,,,
2008-011,,,1.0,1.0,,,,1.0,0.0,,,,,,,,,1.0,,0.0,,,,,0.0,,1.0,,,1.0,,,,,,,,,
2008-024,,,1.0,0.0,,,,1.0,1.0,,,,,,,,,0.0,,1.0,,,,,1.0,,1.0,,,1.0,,,,,,,,,
2008-027,,,1.0,1.0,,,,1.0,0.0,,,,,,,,,1.0,,0.0,,,,,0.0,,1.0,,,0.0,,,,,,,,,
2008-029,,,1.0,0.0,,,,1.0,1.0,,,,,,,,,0.0,,1.0,,,,,1.0,,0.0,,,1.0,,,,,,,,,
2008-031,,,1.0,1.0,,,,1.0,1.0,,,,,,,,,0.0,,0.0,,,,,1.0,,0.0,,,0.0,,,,,,,,,
2008-032,,,1.0,1.0,,,,1.0,1.0,,,,,,,,,1.0,,0.0,,,,,1.0,,1.0,,,0.0,,,,,,,,,
2008-035,,,1.0,1.0,,,,1.0,0.0,,,,,,,,,1.0,,0.0,,,,,1.0,,1.0,,,1.0,,,,,,,,,
2008-039,,,1.0,0.0,,,,1.0,1.0,,,,,,,,,1.0,,1.0,,,,,1.0,,0.0,,,1.0,,,,,,,,,
2008-040,,,1.0,1.0,,,,1.0,0.0,,,,,,,,,1.0,,0.0,,,,,0.0,,1.0,,,0.0,,,,,,,,,
2008-041,,,1.0,1.0,,,,1.0,0.0,,,,,,,,,1.0,,0.0,,,,,0.0,,1.0,,,0.0,,,,,,,,,
2008-043,,,1.0,0.0,,,,0.0,1.0,,,,,,,,,0.0,,1.0,,,,,1.0,,0.0,,,1.0,,,,,,,,,
2008-044,,,0.0,1.0,,,,1.0,1.0,,,,,,,,,0.0,,1.0,,,,,1.0,,0.0,,,0.0,,,,,,,,,
2008-045,,,0.0,1.0,,,,1.0,0.0,,,,,,,,,1.0,,1.0,,,,,0.0,,1.0,,,1.0,,,,,,,,,
2008-048,,,1.0,0.0,,,,0.0,1.0,,,,,,,,,1.0,,1.0,,,,,1.0,,1.0,,,1.0,,,,,,,,,
2008-049,,,1.0,1.0,,,,1.0,0.0,,,,,,,,,1.0,,0.0,,,,,0.0,,1.0,,,0.0,,,,,,,,,
2008-051,,,1.0,1.0,,,,1.0,1.0,,,,,,,,,1.0,,0.0,,,,,0.0,,1.0,,,1.0,,,,,,,,,
2008-053,,,1.0,1.0,,,,1.0,0.0,,,,,,,,,0.0,,0.0,,,,,1.0,,1.0,,,1.0,,,,,,,,,
2008-056,,,1.0,1.0,,,,1.0,0.0,,,,,,,,,1.0,,0.0,,,,,0.0,,1.0,,,0.0,,,,,,,,,
2008-057,,,1.0,1.0,,,,1.0,1.0,,,,,,,,,1.0,,1.0,,,,,0.0,,1.0,,,0.0,,,,,,,,,
2008-058,,,1.0,0.0,,,,0.0,1.0,,,,,,,,,0.0,,1.0,,,,,1.0,,0.0,,,1.0,,,,,,,,,
2008-059,,,1.0,1.0,,,,1.0,0.0,,,,,,,,,1.0,,0.0,,,,,0.0,,1.0,,,0.0,,,,,,,,,
2008-064,,,1.0,0.0,,,,0.0,1.0,,,,,,,,,0.0,,1.0,,,,,1.0,,0.0,,,1.0,,,,,,,,,
2008-065,,,1.0,0.0,,,,0.0,1.0,,,,,,,,,0.0,,1.0,,,,,1.0,,0.0,,,1.0,,,,,,,,,
2008-067,,,1.0,1.0,,,,1.0,1.0,,,,,,,,,1.0,,0.0,,,,,1.0,,1.0,,,0.0,,,,,,,,,
2008-069,,,1.0,1.0,,,,1.0,0.0,,,,,,,,,1.0,,0.0,,,,,1.0,,1.0,,,1.0,,,,,,,,,
2008-071,,,1.0,1.0,,,,1.0,0.0,,,,,,,,,1.0,,0.0,,,,,0.0,,1.0,,,0.0,,,,,,,,,
2008-072,,,1.0,0.0,,,,0.0,1.0,,,,,,,,,1.0,,1.0,,,,,1.0,,0.0,,,1.0,,,,,,,,,
2008-073,,,1.0,1.0,,,,1.0,1.0,,,,,,,,,1.0,,0.0,,,,,0.0,,1.0,,,1.0,,,,,,,,,
2008-074,,,1.0,1.0,,,,1.0,0.0,,,,,,,,,1.0,,0.0,,,,,0.0,,1.0,,,0.0,,,,,,,,,
2008-075,,,1.0,1.0,,,,0.0,1.0,,,,,,,,,1.0,,1.0,,,,,1.0,,1.0,,,1.0,,,,,,,,,
2008-076,,,1.0,0.0,,,,0.0,0.0,,,,,,,,,1.0,,1.0,,,,,1.0,,1.0,,,1.0,,,,,,,,,
2008-077,,,1.0,1.0,,,,1.0,0.0,,,,,,,,,1.0,,0.0,,,,,0.0,,1.0,,,1.0,,,,,,,,,
2008-078,,,0.0,1.0,,,,1.0,1.0,,,,,,,,,0.0,,1.0,,,,,1.0,,0.0,,,0.0,,,,,,,,,
2008-079,,,1.0,1.0,,,,0.0,1.0,,,,,,,,,1.0,,1.0,,,,,1.0,,1.0,,,1.0,,,,,,,,,
2008-080,,,0.0,0.0,,,,1.0,1.0,,,,,,,,,0.0,,1.0,,,,,1.0,,0.0,,,1.0,,,,,,,,,
2008-081,,,1.0,1.0,,,,1.0,0.0,,,,,,,,,1.0,,0.0,,,,,0.0,,1.0,,,0.0,,,,,,,,,
2008-082,,,0.0,1.0,,,,0.0,1.0,,,,,,,,,0.0,,1.0,,,,,1.0,,0.0,,,1.0,,,,,,,,,
2008-083,,,1.0,1.0,,,,1.0,0.0,,,,,,,,,1.0,,0.0,,,,,0.0,,1.0,,,0.0,,,,,,,,,
2009-002,,,1.0,1.0,,,,1.0,,,,,,,,,,1.0,,0.0,,,,,1.0,,1.0,,,1.0,,1.0,,,,,,,
2009-004,,,1.0,1.0,,,,1.0,,,,,,,,,,1.0,,1.0,,,,,1.0,,0.0,,,1.0,,1.0,,,,,,,
2009-011,,,0.0,1.0,,,,1.0,,,,,,,,,,1.0,,0.0,,,,,1.0,,1.0,,,0.0,,0.0,,,,,,,
2009-012,,,1.0,1.0,,,,1.0,,,,,,,,,,1.0,,0.0,,,,,0.0,,1.0,,,0.0,,0.0,,,,,,,
2009-013,,,0.0,1.0,,,,1.0,,,,,,,,,,1.0,,0.0,,,,,1.0,,1.0,,,1.0,,1.0,,,,,,,
2009-014,,,1.0,1.0,,,,0.0,,,,,,,,,,0.0,,1.0,,,,,0.0,,1.0,,,1.0,,0.0,,,,,,,
2009-019,,,1.0,1.0,,,,1.0,,,,,,,,,,1.0,,0.0,,,,,1.0,,1.0,,,1.0,,1.0,,,,,,,
2009-024,,,1.0,1.0,,,,1.0,,,,,,,,,,1.0,,0.0,,,,,1.0,,1.0,,,0.0,,1.0,,,,,,,
2009-028,,,1.0,1.0,,,,1.0,,,,,,,,,,1.0,,1.0,,,,,1.0,,1.0,,,1.0,,0.0,,,,,,,
2009-029,,,1.0,1.0,,,,0.0,,,,,,,,,,1.0,,1.0,,,,,1.0,,0.0,,,1.0,,1.0,,,,,,,
2009-032,,,1.0,1.0,,,,1.0,,,,,,,,,,1.0,,1.0,,,,,1.0,,0.0,,,0.0,,1.0,,,,,,,
2009-033,,,0.0,1.0,,,,1.0,,,,,,,,,,1.0,,1.0,,,,,0.0,,0.0,,,0.0,,1.0,,,,,,,
2009-034,,,1.0,0.0,,,,0.0,,,,,,,,,,1.0,,1.0,,,,,1.0,,1.0,,,1.0,,1.0,,,,,,,
2009-037,,,1.0,1.0,,,,1.0,,,,,,,,,,1.0,,1.0,,,,,1.0,,1.0,,,0.0,,0.0,,,,,,,
2009-040,,,1.0,1.0,,,,1.0,,,,,,,,,,1.0,,0.0,,,,,1.0,,1.0,,,0.0,,0.0,,,,,,,
2009-041,,,1.0,1.0,,,,1.0,,,,,,,,,,1.0,,0.0,,,,,0.0,,1.0,,,0.0,,0.0,,,,,,,
2009-042,,,1.0,1.0,,,,1.0,,,,,,,,,,1.0,,0.0,,,,,0.0,,1.0,,,0.0,,0.0,,,,,,,
2009-044,,,0.0,1.0,,,,1.0,,,,,,,,,,1.0,,1.0,,,,,1.0,,0.0,,,1.0,,1.0,,,,,,,
2009-045,,,1.0,1.0,,,,1.0,,,,,,,,,,1.0,,0.0,,,,,0.0,,1.0,,,0.0,,0.0,,,,,,,
2009-046,,,1.0,1.0,,,,1.0,,,,,,,,,,1.0,,0.0,,,,,0.0,,1.0,,,0.0,,0.0,,,,,,,
2009-047,,,1.0,1.0,,,,1.0,,,,,,,,,,1.0,,1.0,,,,,1.0,,0.0,,,1.0,,1.0,,,,,,,
2009-048,,,1.0,1.0,,,,0.0,,,,,,,,,,1.0,,0.0,,,,,1.0,,1.0,,,0.0,,1.0,,,,,,,
2009-049,,,1.0,0.0,,,,0.0,,,,,,,,,,1.0,,1.0,,,,,1.0,,0.0,,,1.0,,1.0,,,,,,,
2009-050,,,1.0,0.0,,,,0.0,,,,,,,,,,1.0,,1.0,,,,,1.0,,1.0,,,1.0,,1.0,,,,,,,
2009-056,,,1.0,1.0,,,,1.0,,,,,,,,,,1.0,,0.0,,,,,1.0,,1.0,,,1.0,,0.0,,,,,,,
2009-057,,,0.0,0.0,,,,1.0,,,,,,,,,,0.0,,1.0,,,,,1.0,,1.0,,,1.0,,0.0,,,,,,,
2009-060,,,1.0,1.0,,,,0.0,,,,,,,,,,0.0,,1.0,,,,,1.0,,1.0,,,0.0,,1.0,,,,,,,
2009-061,,,1.0,1.0,,,,1.0,,,,,,,,,,1.0,,0.0,,,,,0.0,,1.0,,,0.0,,0.0,,,,,,,
2009-063,,,1.0,1.0,,,,0.0,,,,,,,,,,1.0,,1.0,,,,,0.0,,0.0,,,1.0,,1.0,,,,,,,
2009-064,,,0.0,1.0,,,,1.0,,,,,,,,,,1.0,,0.0,,,,,0.0,,1.0,,,1.0,,1.0,,,,,,,
2009-065,,,1.0,0.0,,,,1.0,,,,,,,,,,1.0,,1.0,,,,,1.0,,1.0,,,1.0,,1.0,,,,,,,
2009-070,,,0.0,0.0,,,,1.0,,,,,,,,,,0.0,,0.0,,,,,1.0,,1.0,,,1.0,,1.0,,,,,,,
2009-071,,,1.0,0.0,,,,0.0,,,,,,,,,,1.0,,1.0,,,,,1.0,,1.0,,,1.0,,1.0,,,,,,,
2009-072,,,0.0,1.0,,,,1.0,,,,,,,,,,1.0,,1.0,,,,,0.0,,1.0,,,0.0,,0.0,,,,,,,
2009-073,,,1.0,1.0,,,,1.0,,,,,,,,,,1.0,,0.0,,,,,1.0,,1.0,,,1.0,,1.0,,,,,,,
2009-075,,,1.0,1.0,,,,1.0,,,,,,,,,,0.0,,1.0,,,,,0.0,,1.0,,,0.0,,1.0,,,,,,,
2009-076,,,1.0,1.0,,,,1.0,,,,,,,,,,1.0,,0.0,,,,,1.0,,0.0,,,1.0,,1.0,,,,,,,
2009-077,,,1.0,1.0,,,,1.0,,,,,,,,,,1.0,,1.0,,,,,0.0,,1.0,,,0.0,,0.0,,,,,,,
2009-078,,,1.0,1.0,,,,1.0,,,,,,,,,,1.0,,0.0,,,,,0.0,,1.0,,,0.0,,0.0,,,,,,,
2009-079,,,1.0,1.0,,,,1.0,,,,,,,,,,1.0,,0.0,,,,,0.0,,1.0,,,1.0,,0.0,,,,,,,
2009-080,,,1.0,1.0,,,,1.0,,,,,,,,,,1.0,,0.0,,,,,1.0,,1.0,,,0.0,,1.0,,,,,,,
2009-082,,,1.0,1.0,,,,1.0,,,,,,,,,,1.0,,1.0,,,,,1.0,,1.0,,,1.0,,0.0,,,,,,,
2009-083,,,1.0,1.0,,,,1.0,,,,,,,,,,1.0,,0.0,,,,,1.0,,1.0,,,1.0,,0.0,,,,,,,
2009-084,,,0.0,1.0,,,,1.0,,,,,,,,,,0.0,,1.0,,,,,0.0,,0.0,,,1.0,,1.0,,,,,,,
2009-088,,,1.0,1.0,,,,1.0,,,,,,,,,,1.0,,0.0,,,,,0.0,,1.0,,,0.0,,0.0,,,,,,,
2009-090,,,1.0,0.0,,,,0.0,,,,,,,,,,0.0,,1.0,,,,,1.0,,0.0,,,1.0,,1.0,,,,,,,
2009-091,,,1.0,1.0,,,,1.0,,,,,,,,,,1.0,,0.0,,,,,0.0,,1.0,,,0.0,,0.0,,,,,,,
2010-002,,,1.0,1.0,,,,1.0,,0.0,,,,,,,,1.0,,,,,,,1.0,,1.0,,,1.0,,1.0,,,,,,,
2010-003,,,1.0,1.0,,,,1.0,,0.0,,,,,,,,1.0,,,,,,,1.0,,1.0,,,1.0,,1.0,,,,,,,
2010-004,,,0.0,0.0,,,,0.0,,0.0,,,,,,,,0.0,,,,,,,0.0,,0.0,,,0.0,,0.0,,,,,,,
2010-006,,,1.0,1.0,,,,1.0,,0.0,,,,,,,,1.0,,,,,,,1.0,,1.0,,,1.0,,1.0,,,,,,,
2010-008,,,1.0,1.0,,,,1.0,,0.0,,,,,,,,1.0,,,,,,,1.0,,1.0,,,1.0,,1.0,,,,,,,
2010-009,,,1.0,1.0,,,,1.0,,0.0,,,,,,,,1.0,,,,,,,1.0,,1.0,,,1.0,,1.0,,,,,,,
2010-010,,,1.0,1.0,,,,1.0,,0.0,,,,,,,,1.0,,,,,,,1.0,,1.0,,,1.0,,1.0,,,,,,,
2010-014,,,1.0,1.0,,,,1.0,,0.0,,,,,,,,1.0,,,,,,,1.0,,1.0,,,1.0,,1.0,,,,,,,
2010-015,,,1.0,1.0,,,,1.0,,0.0,,,,,,,,1.0,,,,,,,0.0,,1.0,,,1.0,,0.0,,,,,,,
2010-016,,,1.0,1.0,,,,0.0,,1.0,,,,,,,,1.0,,,,,,,0.0,,1.0,,,1.0,,1.0,,,,,,,
2010-018,,,1.0,1.0,,,,1.0,,0.0,,,,,,,,1.0,,,,,,,1.0,,1.0,,,1.0,,1.0,,,,,,,
2010-019,,,1.0,0.0,,,,1.0,,0.0,,,,,,,,1.0,,,,,,,0.0,,1.0,,,1.0,,1.0,,,,,,,
2010-020,,,1.0,1.0,,,,1.0,,0.0,,,,,,,,1.0,,,,,,,1.0,,1.0,,,1.0,,1.0,,,,,,,
2010-021,,,1.0,1.0,,,,1.0,,0.0,,,,,,,,1.0,,,,,,,1.0,,1.0,,,1.0,,1.0,,,,,,,
2010-022,,,1.0,1.0,,,,1.0,,0.0,,,,,,,,1.0,,,,,,,1.0,,1.0,,,1.0,,1.0,,,,,,,
2010-023,,,1.0,1.0,,,,1.0,,1.0,,,,,,,,1.0,,,,,,,1.0,,0.0,,,1.0,,1.0,,,,,,,
2010-024,,,1.0,1.0,,,,0.0,,0.0,,,,,,,,1.0,,,,,,,1.0,,0.0,,,1.0,,1.0,,,,,,,
2010-027,,,0.0,1.0,,,,0.0,,1.0,,,,,,,,1.0,,,,,,,1.0,,0.0,,,1.0,,1.0,,,,,,,
2010-029,,,1.0,0.0,,,,0.0,,0.0,,,,,,,,1.0,,,,,,,1.0,,1.0,,,1.0,,1.0,,,,,,,
2010-031,,,1.0,1.0,,,,1.0,,0.0,,,,,,,,1.0,,,,,,,0.0,,1.0,,,0.0,,0.0,,,,,,,
2010-032,,,1.0,1.0,,,,1.0,,0.0,,,,,,,,1.0,,,,,,,1.0,,1.0,,,1.0,,1.0,,,,,,,
2010-034,,,1.0,1.0,,,,1.0,,0.0,,,,,,,,1.0,,,,,,,0.0,,1.0,,,0.0,,0.0,,,,,,,
2010-035,,,1.0,1.0,,,,1.0,,0.0,,,,,,,,1.0,,,,,,,0.0,,1.0,,,0.0,,0.0,,,,,,,
2010-036,,,1.0,1.0,,,,1.0,,0.0,,,,,,,,1.0,,,,,,,1.0,,1.0,,,0.0,,0.0,,,,,,,
2010-037,,,1.0,1.0,,,,1.0,,0.0,,,,,,,,0.0,,,,,,,1.0,,0.0,,,1.0,,1.0,,,,,,,
2010-039,,,1.0,0.0,,,,1.0,,0.0,,,,,,,,1.0,,,,,,,1.0,,1.0,,,1.0,,1.0,,,,,,,
2010-040,,,1.0,1.0,,,,1.0,,0.0,,,,,,,,1.0,,,,,,,0.0,,1.0,,,0.0,,0.0,,,,,,,
2010-041,,,1.0,1.0,,,,1.0,,0.0,,,,,,,,1.0,,,,,,,0.0,,1.0,,,1.0,,1.0,,,,,,,
2010-042,,,1.0,1.0,,,,1.0,,0.0,,,,,,,,1.0,,,,,,,0.0,,1.0,,,0.0,,0.0,,,,,,,
2010-043,,,1.0,1.0,,,,1.0,,1.0,,,,,,,,1.0,,,,,,,1.0,,1.0,,,1.0,,0.0,,,,,,,
2010-044,,,1.0,1.0,,,,1.0,,1.0,,,,,,,,1.0,,,,,,,0.0,,1.0,,,1.0,,1.0,,,,,,,
2010-047,,,1.0,1.0,,,,1.0,,0.0,,,,,,,,1.0,,,,,,,0.0,,1.0,,,0.0,,0.0,,,,,,,
2010-048,,,1.0,1.0,,,,1.0,,0.0,,,,,,,,1.0,,,,,,,1.0,,1.0,,,1.0,,1.0,,,,,,,
2010-049,,,1.0,1.0,,,,1.0,,1.0,,,,,,,,1.0,,,,,,,0.0,,0.0,,,1.0,,1.0,,,,,,,
2010-050,,,0.0,1.0,,,,0.0,,1.0,,,,,,,,1.0,,,,,,,1.0,,1.0,,,1.0,,1.0,,,,,,,
2010-051,,,0.0,1.0,,,,1.0,,1.0,,,,,,,,1.0,,,,,,,1.0,,1.0,,,1.0,,1.0,,,,,,,
2010-052,,,1.0,1.0,,,,1.0,,0.0,,,,,,,,1.0,,,,,,,1.0,,1.0,,,1.0,,1.0,,,,,,,
2010-055,,,1.0,1.0,,,,1.0,,1.0,,,,,,,,1.0,,,,,,,0.0,,1.0,,,0.0,,1.0,,,,,,,
2010-057,,,1.0,1.0,,,,1.0,,1.0,,,,,,,,0.0,,,,,,,1.0,,1.0,,,1.0,,1.0,,,,,,,
2010-059,,,1.0,1.0,,,,1.0,,0.0,,,,,,,,1.0,,,,,,,1.0,,1.0,,,1.0,,1.0,,,,,,,
2010-060,,,1.0,0.0,,,,1.0,,0.0,,,,,,,,1.0,,,,,,,0.0,,1.0,,,1.0,,1.0,,,,,,,
2010-061,,,0.0,0.0,,,,0.0,,0.0,,,,,,,,0.0,,,,,,,0.0,,0.0,,,0.0,,0.0,,,,,,,
2010-062,,,1.0,1.0,,,,1.0,,0.0,,,,,,,,1.0,,,,,,,1.0,,1.0,,,1.0,,0.0,,,,,,,
2010-063,,,1.0,1.0,,,,1.0,,0.0,,,,,,,,1.0,,,,,,,0.0,,1.0,,,0.0,,0.0,,,,,,,
2010-066,,,1.0,1.0,,,,1.0,,1.0,,,,,,,,1.0,,,,,,,0.0,,1.0,,,0.0,,1.0,,,,,,,
2010-067,,,1.0,0.0,,,,0.0,,1.0,,,,,,,,0.0,,,,,,,1.0,,0.0,,,1.0,,1.0,,,,,,,
2010-070,,,1.0,1.0,,,,1.0,,0.0,,,,,,,,1.0,,,,,,,0.0,,1.0,,,0.0,,0.0,,,,,,,
2010-072,,,1.0,1.0,,,,1.0,,1.0,,,,,,,,1.0,,,,,,,1.0,,1.0,,,1.0,,0.0,,,,,,,
2010-073,,,1.0,0.0,,,,0.0,,1.0,,,,,,,,0.0,,,,,,,1.0,,0.0,,,1.0,,1.0,,,,,,,
2010-074,,,0.0,0.0,,,,1.0,,1.0,,,,,,,,0.0,,,,,,,1.0,,0.0,,,1.0,,1.0,,,,,,,
2010-075,,,0.0,1.0,,,,1.0,,1.0,,,,,,,,0.0,,,,,,,1.0,,0.0,,,0.0,,1.0,,,,,,,
2010-076,,,1.0,1.0,,,,1.0,,0.0,,,,,,,,1.0,,,,,,,0.0,,1.0,,,0.0,,0.0,,,,,,,
2010-077,,,1.0,1.0,,,,1.0,,0.0,,,,,,,,1.0,,,,,,,0.0,,1.0,,,0.0,,1.0,,,,,,,
2010-078,,,1.0,0.0,,,,0.0,,1.0,,,,,,,,0.0,,,,,,,1.0,,0.0,,,1.0,,1.0,,,,,,,
2010-079,,,1.0,1.0,,,,1.0,,0.0,,,,,,,,1.0,,,,,,,0.0,,1.0,,,0.0,,0.0,,,,,,,
2010-082,,,1.0,1.0,,,,1.0,,0.0,,,,,,,,1.0,,,,,,,0.0,,1.0,,,1.0,,0.0,,,,,,,
2010-084,,,1.0,1.0,,,,1.0,,0.0,,,,,,,,1.0,,,,,,,0.0,,1.0,,,0.0,,0.0,,,,,,,
2011-006,,,1.0,1.0,,,,1.0,,1.0,,,,,,,,1.0,,,,,,,0.0,,1.0,,,1.0,,1.0,,,,,,,
2011-007,,,1.0,1.0,,,,1.0,,1.0,,,,,,,,1.0,,,,,,,0.0,,1.0,,,1.0,,1.0,,,,,,,
2011-008,,,1.0,1.0,,,,0.0,,1.0,,,,,,,,1.0,,,,,,,1.0,,1.0,,,1.0,,1.0,,,,,,,
2011-009,,,1.0,1.0,,,,1.0,,1.0,,,,,,,,1.0,,,,,,,1.0,,1.0,,,1.0,,0.0,,,,,,,
2011-015,,,1.0,1.0,,,,1.0,,0.0,,,,,,,,1.0,,,,,,,1.0,,0.0,,,0.0,,1.0,,,,,,,
2011-016,,,1.0,0.0,,,,0.0,,1.0,,,,,,,,1.0,,,,,,,1.0,,1.0,,,1.0,,1.0,,,,,,,
2011-017,,,1.0,0.0,,,,1.0,,1.0,,,,,,,,1.0,,,,,,,0.0,,1.0,,,1.0,,1.0,,,,,,,
2011-022,,,1.0,1.0,,,,1.0,,0.0,,,,,,,,1.0,,,,,,,0.0,,1.0,,,0.0,,1.0,,,,,,,
2011-023,,,1.0,1.0,,,,1.0,,1.0,,,,,,,,1.0,,,,,,,0.0,,1.0,,,0.0,,0.0,,,,,,,
2011-026,,,1.0,1.0,,,,1.0,,0.0,,,,,,,,1.0,,,,,,,0.0,,1.0,,,1.0,,0.0,,,,,,,
2011-028,,,1.0,0.0,,,,0.0,,1.0,,,,,,,,0.0,,,,,,,1.0,,0.0,,,1.0,,1.0,,,,,,,
2011-029,,,1.0,1.0,,,,1.0,,1.0,,,,,,,,1.0,,,,,,,0.0,,1.0,,,0.0,,0.0,,,,,,,
2011-031,,,1.0,0.0,,,,0.0,,1.0,,,,,,,,1.0,,,,,,,1.0,,1.0,,,1.0,,1.0,,,,,,,
2011-032,,,1.0,1.0,,,,1.0,,0.0,,,,,,,,1.0,,,,,,,0.0,,1.0,,,0.0,,0.0,,,,,,,
2011-033,,,1.0,1.0,,,,1.0,,1.0,,,,,,,,1.0,,,,,,,0.0,,1.0,,,1.0,,1.0,,,,,,,
2011-036,,,1.0,1.0,,,,1.0,,1.0,,,,,,,,0.0,,,,,,,1.0,,1.0,,,1.0,,1.0,,,,,,,
2011-037,,,1.0,1.0,,,,1.0,,1.0,,,,,,,,1.0,,,,,,,1.0,,1.0,,,0.0,,1.0,,,,,,,
2011-038,,,1.0,0.0,,,,0.0,,1.0,,,,,,,,0.0,,,,,,,1.0,,0.0,,,1.0,,1.0,,,,,,,
2011-039,,,1.0,0.0,,,,0.0,,1.0,,,,,,,,0.0,,,,,,,1.0,,0.0,,,1.0,,1.0,,,,,,,
2011-041,,,0.0,1.0,,,,1.0,,1.0,,,,,,,,1.0,,,,,,,0.0,,1.0,,,0.0,,1.0,,,,,,,
2011-042,,,1.0,0.0,,,,0.0,,1.0,,,,,,,,1.0,,,,,,,1.0,,0.0,,,1.0,,1.0,,,,,,,
2011-043,,,1.0,1.0,,,,1.0,,0.0,,,,,,,,1.0,,,,,,,0.0,,1.0,,,0.0,,0.0,,,,,,,
2011-046,,,1.0,1.0,,,,1.0,,0.0,,,,,,,,1.0,,,,,,,0.0,,1.0,,,0.0,,0.0,,,,,,,
2011-052,,,0.0,1.0,,,,1.0,,0.0,,,,,,,,1.0,,,,,,,0.0,,1.0,,,1.0,,0.0,,,,,,,
2011-053,,,0.0,1.0,,,,1.0,,0.0,,,,,,,,1.0,,,,,,,0.0,,1.0,,,0.0,,1.0,,,,,,,
2011-055,,,1.0,1.0,,,,1.0,,1.0,,,,,,,,1.0,,,,,,,0.0,,1.0,,,0.0,,0.0,,,,,,,
2011-057,,,1.0,1.0,,,,1.0,,0.0,,,,,,,,1.0,,,,,,,0.0,,1.0,,,1.0,,0.0,,,,,,,
2011-059,,,0.0,1.0,,,,1.0,,1.0,,,,,,,,1.0,,,,,,,1.0,,1.0,,,1.0,,1.0,,,,,,,
2011-061,,,1.0,1.0,,,,1.0,,0.0,,,,,,,,1.0,,,,,,,1.0,,1.0,,,1.0,,1.0,,,,,,,
2011-062,,,1.0,0.0,,,,1.0,,1.0,,,,,,,,0.0,,,,,,,1.0,,0.0,,,1.0,,1.0,,,,,,,
2011-064,,,1.0,1.0,,,,1.0,,0.0,,,,,,,,1.0,,,,,,,0.0,,0.0,,,1.0,,1.0,,,,,,,
2011-065,,,1.0,1.0,,,,1.0,,1.0,,,,,,,,1.0,,,,,,,1.0,,1.0,,,1.0,,0.0,,,,,,,
2011-066,,,1.0,1.0,,,,1.0,,1.0,,,,,,,,0.0,,,,,,,0.0,,0.0,,,0.0,,1.0,,,,,,,
2011-067,,,1.0,1.0,,,,1.0,,0.0,,,,,,,,1.0,,,,,,,0.0,,1.0,,,0.0,,0.0,,,,,,,
2011-068,,,1.0,0.0,,,,1.0,,0.0,,,,,,,,1.0,,,,,,,0.0,,1.0,,,1.0,,0.0,,,,,,,
2011-069,,,0.0,1.0,,,,1.0,,1.0,,,,,,,,1.0,,,,,,,1.0,,0.0,,,0.0,,1.0,,,,,,,
2011-070,,,1.0,1.0,,,,1.0,,0.0,,,,,,,,1.0,,,,,,,1.0,,1.0,,,0.0,,1.0,,,,,,,
2011-071,,,1.0,0.0,,,,0.0,,1.0,,,,,,,,0.0,,,,,,,1.0,,0.0,,,1.0,,1.0,,,,,,,
2011-072,,,1.0,1.0,,,,1.0,,1.0,,,,,,,,1.0,,,,,,,1.0,,1.0,,,1.0,,0.0,,,,,,,
2011-074,,,1.0,0.0,,,,0.0,,1.0,,,,,,,,0.0,,,,,,,1.0,,0.0,,,1.0,,1.0,,,,,,,
2011-075,,,1.0,0.0,,,,0.0,,0.0,,,,,,,,1.0,,,,,,,1.0,,0.0,,,1.0,,1.0,,,,,,,
2011-076,,,1.0,0.0,,,,0.0,,1.0,,,,,,,,1.0,,,,,,,1.0,,0.0,,,1.0,,1.0,,,,,,,
2011-077,,,0.0,0.0,,,,0.0,,1.0,,,,,,,,1.0,,,,,,,1.0,,0.0,,,1.0,,1.0,,,,,,,
2012-001,,,1.0,1.0,,,,1.0,,0.0,,,,,,,,1.0,,,,,,,1.0,,1.0,,,1.0,,1.0,,,,,,,
2012-010,,,0.0,1.0,,,,1.0,,1.0,,,,,,,,1.0,,,,,,,1.0,,1.0,,,1.0,,0.0,,,,,,,
2012-013,,,1.0,1.0,,,,0.0,,1.0,,,,,,,,1.0,,,,,,,1.0,,0.0,,,0.0,,1.0,,,,,,,
2012-016,,,1.0,0.0,,,,0.0,,1.0,,,,,,,,1.0,,,,,,,1.0,,0.0,,,1.0,,1.0,,,,,,,
2012-018,,,1.0,1.0,,,,1.0,,1.0,,,,,,,,1.0,,,,,,,1.0,,0.0,,,1.0,,1.0,,,,,,,
2012-019,,,1.0,1.0,,,,1.0,,1.0,,,,,,,,1.0,,,,,,,0.0,,1.0,,,1.0,,0.0,,,,,,,
2012-020,,,1.0,1.0,,,,1.0,,0.0,,,,,,,,1.0,,,,,,,1.0,,1.0,,,1.0,,0.0,,,,,,,
2012-021,,,1.0,1.0,,,,1.0,,0.0,,,,,,,,1.0,,,,,,,0.0,,1.0,,,0.0,,0.0,,,,,,,
2012-023,,,0.0,0.0,,,,0.0,,1.0,,,,,,,,1.0,,,,,,,1.0,,1.0,,,1.0,,1.0,,,,,,,
2012-025,,,0.0,0.0,,,,1.0,,1.0,,,,,,,,1.0,,,,,,,0.0,,1.0,,,1.0,,1.0,,,,,,,
2012-027,,,1.0,0.0,,,,1.0,,1.0,,,,,,,,1.0,,,,,,,1.0,,1.0,,,0.0,,1.0,,,,,,,
2012-030,,,0.0,1.0,,,,1.0,,1.0,,,,,,,,0.0,,,,,,,1.0,,0.0,,,0.0,,1.0,,,,,,,
2012-031,,,1.0,1.0,,,,1.0,,0.0,,,,,,,,1.0,,,,,,,0.0,,1.0,,,0.0,,0.0,,,,,,,
2012-034,,,1.0,1.0,,,,1.0,,0.0,,,,,,,,1.0,,,,,,,0.0,,1.0,,,0.0,,0.0,,,,,,,
2012-035,,,1.0,0.0,,,,0.0,,1.0,,,,,,,,0.0,,,,,,,1.0,,0.0,,,1.0,,1.0,,,,,,,
2012-037,,,1.0,1.0,,,,0.0,,1.0,,,,,,,,0.0,,,,,,,1.0,,0.0,,,0.0,,1.0,,,,,,,
2012-038,,,1.0,1.0,,,,0.0,,1.0,,,,,,,,1.0,,,,,,,1.0,,0.0,,,1.0,,1.0,,,,,,,
2012-040,,,1.0,1.0,,,,1.0,,0.0,,,,,,,,1.0,,,,,,,0.0,,1.0,,,0.0,,0.0,,,,,,,
2012-044,,,0.0,1.0,,,,1.0,,1.0,,,,,,,,0.0,,,,,,,1.0,,0.0,,,1.0,,1.0,,,,,,,
2012-048,,,1.0,0.0,,,,0.0,,1.0,,,,,,,,0.0,,,,,,,1.0,,0.0,,,1.0,,1.0,,,,,,,
2012-049,,,1.0,0.0,,,,0.0,,1.0,,,,,,,,0.0,,,,,,,1.0,,0.0,,,1.0,,1.0,,,,,,,
2012-050,,,1.0,0.0,,,,1.0,,0.0,,,,,,,,1.0,,,,,,,0.0,,1.0,,,1.0,,0.0,,,,,,,
2012-054,,,1.0,0.0,,,,0.0,,1.0,,,,,,,,0.0,,,,,,,1.0,,0.0,,,1.0,,1.0,,,,,,,
2012-060,,,1.0,1.0,,,,1.0,,0.0,,,,,,,,1.0,,,,,,,0.0,,1.0,,,0.0,,0.0,,,,,,,
2012-062,,,0.0,0.0,,,,1.0,,1.0,,,,,,,,0.0,,,,,,,1.0,,0.0,,,1.0,,1.0,,,,,,,
2012-063,,,1.0,0.0,,,,1.0,,0.0,,,,,,,,1.0,,,,,,,0.0,,1.0,,,1.0,,0.0,,,,,,,
2012-064,,,1.0,1.0,,,,0.0,,1.0,,,,,,,,1.0,,,,,,,1.0,,0.0,,,1.0,,1.0,,,,,,,
2012-065,,,1.0,0.0,,,,0.0,,0.0,,,,,,,,1.0,,,,,,,1.0,,1.0,,,1.0,,1.0,,,,,,,
2012-066,,,1.0,1.0,,,,1.0,,0.0,,,,,,,,1.0,,,,,,,0.0,,1.0,,,0.0,,0.0,,,,,,,
2012-067,,,1.0,1.0,,,,1.0,,1.0,,,,,,,,1.0,,,,,,,1.0,,0.0,,,1.0,,1.0,,,,,,,
2012-068,,,1.0,1.0,,,,1.0,,0.0,,,,,,,,1.0,,,,,,,0.0,,1.0,,,1.0,,1.0,,,,,,,
2012-069,,,1.0,1.0,,,,1.0,,0.0,,,,,,,,1.0,,,,,,,0.0,,1.0,,,0.0,,0.0,,,,,,,
2012-070,,,1.0,1.0,,,,1.0,,0.0,,,,,,,,1.0,,,,,,,0.0,,1.0,,,0.0,,0.0,,,,,,,
2012-071,,,1.0,0.0,,,,0.0,,1.0,,,,,,,,1.0,,,,,,,1.0,,1.0,,,1.0,,1.0,,,,,,,
2012-072,,,1.0,1.0,,,,1.0,,0.0,,,,,,,,1.0,,,,,,,0.0,,1.0,,,0.0,,0.0,,,,,,,
2012-073,,,1.0,1.0,,,,1.0,,0.0,,,,,,,,1.0,,,,,,,0.0,,1.0,,,0.0,,0.0,,,,,,,
2012-074,,,1.0,1.0,,,,1.0,,0.0,,,,,,,,1.0,,,,,,,0.0,,1.0,,,0.0,,0.0,,,,,,,
2012-075,,,1.0,0.0,,,,1.0,,0.0,,,,,,,,1.0,,,,,,,0.0,,1.0,,,1.0,,0.0,,,,,,,
2012-077,,,0.0,1.0,,,,0.0,,1.0,,,,,,,,1.0,,,,,,,1.0,,0.0,,,1.0,,0.0,,,,,,,
2012-079,,,1.0,0.0,,,,0.0,,1.0,,,,,,,,0.0,,,,,,,1.0,,0.0,,,1.0,,1.0,,,,,,,
2013-008,,,1.0,1.0,,,,1.0,,0.0,,,,,,,,1.0,,,,,,,1.0,,1.0,,,0.0,,0.0,,,,,,,
2013-017,,,1.0,0.0,,,,0.0,,0.0,,,,,,,,1.0,,,,,,,1.0,,1.0,,,1.0,,1.0,,,,,,,
2013-019,,,1.0,1.0,,,,1.0,,1.0,,,,,,,,0.0,,,,,,,1.0,,1.0,,,0.0,,0.0,,,,,,,
2013-020,,,1.0,1.0,,,,1.0,,0.0,,,,,,,,1.0,,,,,,,0.0,,1.0,,,1.0,,0.0,,,,,,,
2013-022,,,0.0,1.0,,,,1.0,,1.0,,,,,,,,1.0,,,,,,,1.0,,0.0,,,1.0,,1.0,,,,,,,
2013-024,,,0.0,1.0,,,,1.0,,1.0,,,,,,,,1.0,,,,,,,1.0,,0.0,,,1.0,,0.0,,,,,,,
2013-027,,,0.0,1.0,,,,1.0,,1.0,,,,,,,,0.0,,,,,,,1.0,,1.0,,,1.0,,1.0,,,,,,,
2013-028,,,1.0,1.0,,,,0.0,,1.0,,,,,,,,1.0,,,,,,,1.0,,0.0,,,1.0,,1.0,,,,,,,
2013-029,,,1.0,1.0,,,,1.0,,1.0,,,,,,,,1.0,,,,,,,1.0,,1.0,,,1.0,,0.0,,,,,,,
2013-031,,,1.0,1.0,,,,1.0,,0.0,,,,,,,,1.0,,,,,,,1.0,,1.0,,,1.0,,1.0,,,,,,,
2013-033,,,1.0,1.0,,,,1.0,,0.0,,,,,,,,1.0,,,,,,,0.0,,1.0,,,0.0,,0.0,,,,,,,
2013-035,,,1.0,1.0,,,,1.0,,0.0,,,,,,,,1.0,,,,,,,0.0,,1.0,,,1.0,,0.0,,,,,,,
2013-036,,,1.0,0.0,,,,1.0,,0.0,,,,,,,,1.0,,,,,,,0.0,,1.0,,,1.0,,0.0,,,,,,,
2013-037,,,1.0,1.0,,,,1.0,,1.0,,,,,,,,1.0,,,,,,,0.0,,1.0,,,0.0,,0.0,,,,,,,
2013-038,,,1.0,0.0,,,,0.0,,1.0,,,,,,,,0.0,,,,,,,1.0,,1.0,,,1.0,,0.0,,,,,,,
2013-039,,,1.0,0.0,,,,0.0,,1.0,,,,,,,,1.0,,,,,,,1.0,,0.0,,,1.0,,1.0,,,,,,,
2013-042,,,1.0,1.0,,,,1.0,,0.0,,,,,,,,1.0,,,,,,,0.0,,1.0,,,0.0,,0.0,,,,,,,
2013-045,,,0.0,1.0,,,,1.0,,1.0,,,,,,,,0.0,,,,,,,1.0,,1.0,,,0.0,,1.0,,,,,,,
2013-046,,,1.0,0.0,,,,0.0,,1.0,,,,,,,,0.0,,,,,,,1.0,,0.0,,,1.0,,1.0,,,,,,,
2013-048,,,1.0,0.0,,,,0.0,,1.0,,,,,,,,1.0,,,,,,,0.0,,0.0,,,1.0,,1.0,,,,,,,
2013-054,,,1.0,1.0,,,,1.0,,1.0,,,,,,,,1.0,,,,,,,0.0,,1.0,,,0.0,,1.0,,,,,,,
2013-056,,,1.0,1.0,,,,0.0,,1.0,,,,,,,,1.0,,,,,,,1.0,,0.0,,,0.0,,0.0,,,,,,,
2013-057,,,1.0,1.0,,,,1.0,,1.0,,,,,,,,1.0,,,,,,,1.0,,1.0,,,0.0,,1.0,,,,,,,
2013-059,,,1.0,1.0,,,,1.0,,1.0,,,,,,,,1.0,,,,,,,0.0,,1.0,,,1.0,,0.0,,,,,,,
2013-061,,,1.0,0.0,,,,0.0,,1.0,,,,,,,,0.0,,,,,,,1.0,,0.0,,,1.0,,1.0,,,,,,,
2013-063,,,1.0,1.0,,,,0.0,,1.0,,,,,,,,1.0,,,,,,,1.0,,0.0,,,1.0,,1.0,,,,,,,
2013-067,,,1.0,0.0,,,,0.0,,1.0,,,,,,,,1.0,,,,,,,1.0,,0.0,,,1.0,,1.0,,,,,,,
2013-070,,,1.0,1.0,,,,1.0,,0.0,,,,,,,,1.0,,,,,,,0.0,,1.0,,,0.0,,0.0,,,,,,,
2013-071,,,1.0,1.0,,,,1.0,,0.0,,,,,,,,1.0,,,,,,,0.0,,1.0,,,0.0,,0.0,,,,,,,
2014-001,,,1.0,1.0,,,,1.0,,1.0,,,,,,,,1.0,,,,,,,1.0,,1.0,,,1.0,,0.0,,,,,,,
2014-004,,,0.0,0.0,,,,0.0,,0.0,,,,,,,,1.0,,,,,,,1.0,,1.0,,,1.0,,1.0,,,,,,,
2014-007,,,1.0,0.0,,,,0.0,,1.0,,,,,,,,1.0,,,,,,,1.0,,0.0,,,1.0,,1.0,,,,,,,
2014-008,,,1.0,0.0,,,,0.0,,1.0,,,,,,,,1.0,,,,,,,1.0,,0.0,,,1.0,,1.0,,,,,,,
2014-009,,,1.0,1.0,,,,0.0,,1.0,,,,,,,,1.0,,,,,,,1.0,,0.0,,,1.0,,1.0,,,,,,,
2014-010,,,0.0,1.0,,,,0.0,,1.0,,,,,,,,1.0,,,,,,,1.0,,0.0,,,1.0,,1.0,,,,,,,
2014-011,,,1.0,0.0,,,,1.0,,1.0,,,,,,,,0.0,,,,,,,1.0,,0.0,,,1.0,,1.0,,,,,,,
2014-013,,,0.0,1.0,,,,1.0,,1.0,,,,,,,,1.0,,,,,,,1.0,,1.0,,,1.0,,0.0,,,,,,,
2014-015,,,0.0,0.0,,,,0.0,,0.0,,,,,,,,1.0,,,,,,,1.0,,1.0,,,1.0,,1.0,,,,,,,
2014-016,,,1.0,1.0,,,,1.0,,1.0,,,,,,,,1.0,,,,,,,1.0,,0.0,,,1.0,,1.0,,,,,,,
2014-017,,,1.0,0.0,,,,0.0,,1.0,,,,,,,,0.0,,,,,,,1.0,,0.0,,,1.0,,1.0,,,,,,,
2014-019,,,1.0,1.0,,,,0.0,,1.0,,,,,,,,1.0,,,,,,,0.0,,1.0,,,1.0,,1.0,,,,,,,
2014-021,,,1.0,0.0,,,,0.0,,0.0,,,,,,,,1.0,,,,,,,0.0,,1.0,,,1.0,,1.0,,,,,,,
2014-024,,,1.0,1.0,,,,0.0,,1.0,,,,,,,,1.0,,,,,,,1.0,,1.0,,,1.0,,1.0,,,,,,,
2014-025,,,1.0,0.0,,,,0.0,,1.0,,,,,,,,1.0,,,,,,,1.0,,1.0,,,1.0,,1.0,,,,,,,
2014-033,,,1.0,0.0,,,,0.0,,1.0,,,,,,,,0.0,,,,,,,1.0,,0.0,,,1.0,,1.0,,,,,,,
2014-036,,,1.0,1.0,,,,0.0,,1.0,,,,,,,,1.0,,,,,,,1.0,,0.0,,,1.0,,1.0,,,,,,,
2014-038,,,1.0,0.0,,,,0.0,,1.0,,,,,,,,0.0,,,,,,,1.0,,1.0,,,1.0,,1.0,,,,,,,
2014-039,,,0.0,1.0,,,,1.0,,0.0,,,,,,,,1.0,,,,,,,0.0,,1.0,,,1.0,,0.0,,,,,,,
2014-040,,,1.0,0.0,,,,0.0,,1.0,,,,,,,,0.0,,,,,,,1.0,,0.0,,,1.0,,1.0,,,,,,,
2014-041,,,0.0,1.0,,,,0.0,,1.0,,,,,,,,1.0,,,,,,,1.0,,0.0,,,1.0,,1.0,,,,,,,
2014-042,,,1.0,1.0,,,,1.0,,0.0,,,,,,,,1.0,,,,,,,0.0,,1.0,,,0.0,,0.0,,,,,,,
2014-046,,,1.0,1.0,,,,0.0,,1.0,,,,,,,,1.0,,,,,,,1.0,,1.0,,,1.0,,1.0,,,,,,,
2014-047,,,1.0,1.0,,,,1.0,,0.0,,,,,,,,1.0,,,,,,,0.0,,1.0,,,0.0,,1.0,,,,,,,
2014-048,,,1.0,0.0,,,,0.0,,1.0,,,,,,,,0.0,,,,,,,1.0,,0.0,,,1.0,,1.0,,,,,,,
2014-050,,,1.0,0.0,,,,0.0,,1.0,,,,,,,,0.0,,,,,,,1.0,,0.0,,,1.0,,1.0,,,,,,,
2014-051,,,1.0,1.0,,,,1.0,,0.0,,,,,,,,1.0,,,,,,,0.0,,1.0,,,0.0,,0.0,,,,,,,
2014-052,,,1.0,0.0,,,,0.0,,1.0,,,,,,,,1.0,,,,,,,1.0,,0.0,,,1.0,,1.0,,,,,,,
2014-054,,,1.0,0.0,,,,1.0,,1.0,,,,,,,,0.0,,,,,,,1.0,,1.0,,,1.0,,1.0,,,,,,,
2014-055,,,0.0,0.0,,,,0.0,,1.0,,,,,,,,1.0,,,,,,,1.0,,0.0,,,1.0,,1.0,,,,,,,
2014-056,,,1.0,1.0,,,,0.0,,1.0,,,,,,,,0.0,,,,,,,0.0,,1.0,,,1.0,,1.0,,,,,,,
2014-058,,,0.0,0.0,,,,1.0,,1.0,,,,,,,,0.0,,,,,,,1.0,,0.0,,,1.0,,1.0,,,,,,,
2014-059,,,1.0,1.0,,,,1.0,,1.0,,,,,,,,1.0,,,,,,,1.0,,1.0,,,0.0,,1.0,,,,,,,
2014-061,,,1.0,1.0,,,,1.0,,0.0,,,,,,,,1.0,,,,,,,0.0,,1.0,,,0.0,,0.0,,,,,,,
2014-062,,,1.0,0.0,,,,0.0,,1.0,,,,,,,,0.0,,,,,,,1.0,,0.0,,,1.0,,1.0,,,,,,,
2014-063,,,1.0,0.0,,,,1.0,,1.0,,,,,,,,0.0,,,,,,,1.0,,1.0,,,0.0,,1.0,,,,,,,
2014-064,,,1.0,1.0,,,,0.0,,1.0,,,,,,,,0.0,,,,,,,1.0,,0.0,,,1.0,,1.0,,,,,,,
2014-068,,,1.0,0.0,,,,0.0,,1.0,,,,,,,,0.0,,,,,,,1.0,,0.0,,,1.0,,1.0,,,,,,,
2014-069,,,1.0,1.0,,,,1.0,,1.0,,,,,,,,1.0,,,,,,,1.0,,1.0,,,1.0,,0.0,,,,,,,
2014-070,,,1.0,0.0,,,,0.0,,1.0,,,,,,,,0.0,,,,,,,1.0,,0.0,,,1.0,,1.0,,,,,,,
2014-071,,,1.0,1.0,,,,1.0,,0.0,,,,,,,,1.0,,,,,,,0.0,,1.0,,,0.0,,0.0,,,,,,,
2014-072,,,1.0,1.0,,,,0.0,,1.0,,,,,,,,1.0,,,,,,,1.0,,1.0,,,1.0,,1.0,,,,,,,
2015-002,,,0.0,,,,,0.0,,0.0,,,,,,,,0.0,,,,,,,0.0,,0.0,,,0.0,,0.0,,,,,,,
2015-003,,,1.0,,,,,0.0,,1.0,,,,,,,,0.0,,,,,,,1.0,,1.0,,,1.0,,0.0,,,,,,,
2015-004,,,1.0,1.0,,,,0.0,,1.0,,,,,,,,1.0,,,,,,,0.0,,1.0,,,1.0,,0.0,,,,,,,
2015-005,,,1.0,1.0,,,,1.0,,1.0,,,,,,,,1.0,,,,,,,1.0,,1.0,,,1.0,,0.0,,,,,,,
2015-006,,,1.0,0.0,,,,0.0,,1.0,,,,,,,,1.0,,,,,,,1.0,,0.0,,,1.0,,1.0,,,,,,,
2015-007,,,1.0,1.0,,,,1.0,,1.0,,,,,,,,1.0,,,,,,,1.0,,0.0,,,1.0,,1.0,,,,,,,
2015-008,,,1.0,0.0,,,,0.0,,1.0,,,,,,,,1.0,,,,,,,1.0,,0.0,,,1.0,,1.0,,,,,,,
2015-009,,,1.0,0.0,,,,1.0,,1.0,,,,,,,,0.0,,,,,,,1.0,,0.0,,,1.0,,1.0,,,,,,,
2015-010,,,1.0,,,,,1.0,,1.0,,,,,,,,1.0,,,,,,,0.0,,1.0,,,1.0,,0.0,,,,,,,
2015-011,,,1.0,,,,,0.0,,1.0,,,,,,,,1.0,,,,,,,1.0,,1.0,,,1.0,,1.0,,,,,,,
2015-012,,,1.0,,,,,1.0,,0.0,,,,,,,,1.0,,,,,,,1.0,,1.0,,,0.0,,1.0,,,,,,,
2015-013,,,1.0,,,,,0.0,,1.0,,,,,,,,1.0,,,,,,,1.0,,1.0,,,0.0,,0.0,,,,,,,
2015-016,,,1.0,1.0,,,,1.0,,1.0,,,,,,,,1.0,,,,,,,0.0,,1.0,,,1.0,,1.0,,,,,,,
2015-017,,,1.0,,,,,1.0,,1.0,,,,,,,,1.0,,,,,,,1.0,,1.0,,,1.0,,1.0,,,,,,,
2015-018,,,1.0,,,,,0.0,,1.0,,,,,,,,1.0,,,,,,,1.0,,0.0,,,1.0,,1.0,,,,,,,
2015-019,,,0.0,,,,,1.0,,0.0,,,,,,,,1.0,,,,,,,1.0,,0.0,,,1.0,,1.0,,,,,,,
2015-021,,,1.0,,,,,0.0,,1.0,,,,,,,,1.0,,,,,,,1.0,,1.0,,,1.0,,1.0,,,,,,,
2015-022,,,1.0,,,,,1.0,,1.0,,,,,,,,1.0,,,,,,,1.0,,1.0,,,1.0,,1.0,,,,,,,
2015-024,,,1.0,,,,,1.0,,1.0,,,,,,,,1.0,,,,,,,0.0,,1.0,,,1.0,,0.0,,,,,,,
2015-025,,,0.0,,,,,0.0,,0.0,,,,,,,,0.0,,,,,,,0.0,,0.0,,,0.0,,0.0,,,,,,,
2015-026,,,1.0,,,,,0.0,,1.0,,,,,,,,0.0,,,,,,,1.0,,1.0,,,1.0,,1.0,,,,,,,
2015-027,,,1.0,,,,,1.0,,1.0,,,,,,,,1.0,,,,,,,1.0,,1.0,,,1.0,,1.0,,,,,,,
2015-028,,,1.0,,,,,1.0,,1.0,,,,,,,,1.0,,,,,,,1.0,,1.0,,,1.0,,1.0,,,,,,,
2015-029,,,1.0,,,,,0.0,,0.0,,,,,,,,0.0,,,,,,,1.0,,0.0,,,1.0,,1.0,,,,,,,
2015-030,,,0.0,,,,,0.0,,0.0,,,,,,,,0.0,,,,,,,0.0,,0.0,,,0.0,,0.0,,,,,,,
2015-031,,,1.0,,,,,1.0,,1.0,,,,,,,,1.0,,,,,,,1.0,,1.0,,,1.0,,1.0,,,,,,,
2015-033,,,1.0,,,,,1.0,,1.0,,,,,,,,0.0,,,,,,,1.0,,1.0,,,1.0,,0.0,,,,,,,
2015-034,,,1.0,,,,,1.0,,1.0,,,,,,,,1.0,,,,,,,1.0,,1.0,,,0.0,,0.0,,,,,,,
2015-035,,,1.0,,,,,0.0,,1.0,,,,,,,,1.0,,,,,,,1.0,,0.0,,,1.0,,1.0,,,,,,,
2015-036,,,1.0,,,,,1.0,,1.0,,,,,,,,1.0,,,,,,,1.0,,1.0,,,1.0,,1.0,,,,,,,
2015-037,,,1.0,,,,,1.0,,1.0,,,,,,,,1.0,,,,,,,1.0,,1.0,,,1.0,,1.0,,,,,,,
2015-038,,,1.0,,,,,1.0,,1.0,,,,,,,,1.0,,,,,,,1.0,,1.0,,,1.0,,1.0,,,,,,,
2015-039,,,1.0,,,,,1.0,,0.0,,,,,,,,1.0,,,,,,,0.0,,1.0,,,1.0,,0.0,,,,,,,
2015-040,,,1.0,,,,,0.0,,1.0,,,,,,,,1.0,,,,,,,1.0,,1.0,,,1.0,,1.0,,,,,,,
2015-041,,,1.0,,,,,1.0,,1.0,,,,,,,,1.0,,,,,,,1.0,,1.0,,,1.0,,1.0,,,,,,,
2015-042,,,1.0,,,,,1.0,,1.0,,,,,,,,1.0,,,,,,,1.0,,1.0,,,1.0,,1.0,,,,,,,
2015-044,,,1.0,,,,,0.0,,1.0,,,,,,,,1.0,,,,,,,1.0,,1.0,,,1.0,,0.0,,,,,,,
2015-045,,,1.0,,,,,0.0,,1.0,,,,,,,,0.0,,,,,,,1.0,,0.0,,,1.0,,1.0,,,,,,,
2015-046,,,1.0,,,,,1.0,,1.0,,,,,,,,1.0,,,,,,,1.0,,1.0,,,1.0,,1.0,,,,,,,
2015-047,,,1.0,,,,,0.0,,1.0,,,,,,,,1.0,,,,,,,1.0,,1.0,,,1.0,,1.0,,,,,,,
2015-048,,,1.0,,,,,0.0,,1.0,,,,,,,,0.0,,,,,,,1.0,,0.0,,,1.0,,1.0,,,,,,,
2015-049,,,1.0,,,,,1.0,,1.0,,,,,,,,1.0,,,,,,,1.0,,1.0,,,1.0,,1.0,,,,,,,
2015-050,,,1.0,,,,,1.0,,0.0,,,,,,,,1.0,,,,,,,0.0,,1.0,,,0.0,,0.0,,,,,,,
2015-051,,,1.0,,,,,1.0,,1.0,,,,,,,,1.0,,,,,,,1.0,,1.0,,,1.0,,1.0,,,,,,,
2015-052,,,1.0,,,,,1.0,,1.0,,,,,,,,1.0,,,,,,,1.0,,1.0,,,1.0,,1.0,,,,,,,
2015-053,,,1.0,,,,,1.0,,1.0,,,,,,,,1.0,,,,,,,1.0,,1.0,,,1.0,,1.0,,,,,,,
2015-054,,,1.0,,,,,1.0,,1.0,,,,,,,,1.0,,,,,,,1.0,,1.0,,,1.0,,1.0,,,,,,,
2015-055,,,1.0,,,,,0.0,,1.0,,,,,,,,1.0,,,,,,,1.0,,1.0,,,1.0,,1.0,,,,,,,
2015-056,,,1.0,,,,,1.0,,1.0,,,,,,,,1.0,,,,,,,1.0,,1.0,,,1.0,,1.0,,,,,,,
2015-062,,,1.0,,,,,1.0,,1.0,,,,,,,,1.0,,,,,,,0.0,,0.0,,,1.0,,0.0,,,,,,,
2015-063,,,1.0,,,,,1.0,,1.0,,,,,,,,1.0,,,,,,,1.0,,1.0,,,1.0,,1.0,,,,,,,
2015-064,,,1.0,,,,,1.0,,1.0,,,,,,,,1.0,,,,,,,1.0,,1.0,,,1.0,,1.0,,,,,,,
2015-065,,,0.0,,,,,0.0,,0.0,,,,,,,,0.0,,,,,,,0.0,,0.0,,,0.0,,0.0,,,,,,,
2015-066,,,1.0,,,,,1.0,,1.0,,,,,,,,1.0,,,,,,,1.0,,1.0,,,1.0,,1.0,,,,,,,
2015-067,,,1.0,,,,,1.0,,1.0,,,,,,,,1.0,,,,,,,1.0,,1.0,,,1.0,,1.0,,,,,,,
2015-068,,,1.0,,,,,0.0,,1.0,,,,,,,,1.0,,,,,,,1.0,,1.0,,,1.0,,1.0,,,,,,,
2015-069,,,1.0,,,,,0.0,,1.0,,,,,,,,1.0,,,,,,,1.0,,0.0,,,1.0,,1.0,,,,,,,
2015-070,,,1.0,,,,,1.0,,1.0,,,,,,,,1.0,,,,,,,1.0,,1.0,,,1.0,,1.0,,,,,,,
2015-071,,,1.0,,,,,1.0,,1.0,,,,,,,,1.0,,,,,,,1.0,,0.0,,,1.0,,0.0,,,,,,,
2015-072,,,1.0,,,,,1.0,,1.0,,,,,,,,1.0,,,,,,,0.0,,0.0,,,0.0,,1.0,,,,,,,
2015-075,,,1.0,,,,,1.0,,1.0,,,,,,,,1.0,,,,,,,1.0,,1.0,,,1.0,,1.0,,,,,,,
2015-076,,,0.0,,,,,0.0,,1.0,,,,,,,,1.0,,,,,,,1.0,,1.0,,,1.0,,1.0,,,,,,,
2016-001,,,1.0,,,,,1.0,,1.0,,,,,,,,1.0,,,,,,,1.0,,1.0,,,1.0,,1.0,,,,,,,
2016-002,,,1.0,,,,,0.0,,1.0,,,,,,,,0.0,,,,,,,1.0,,0.0,,,1.0,,1.0,,,,,,,
2016-003,,,1.0,,,,,1.0,,1.0,,,,,,,,1.0,,,,,0.0,,0.0,,1.0,,,1.0,,0.0,,,,,,,
2016-004,,,1.0,,,,,1.0,,1.0,,,,,,,,1.0,,,,,,,1.0,,1.0,,,1.0,,1.0,,,,,,,
2016-005,,,1.0,,,,,0.0,,1.0,,,,,,,,1.0,,,,,,,1.0,,0.0,,,1.0,,1.0,,,,,,,
2016-006,,,1.0,,,,,1.0,,1.0,,,,,,,,1.0,,,,,,,1.0,,1.0,,,1.0,,1.0,,,,,,,
2016-007,,,0.0,,,,,1.0,,1.0,,,,,,,,1.0,,,,,,,1.0,,1.0,,,0.0,,1.0,,,,,,,
2016-008,,,1.0,,,,,0.0,,1.0,,,,,,,,1.0,,,,,,,1.0,,0.0,,,1.0,,1.0,,,,,,,
2016-009,,,1.0,,,,,1.0,,1.0,,,,,,,,1.0,,,,,,,1.0,,1.0,,,0.0,,1.0,,,,,,,
2016-010,,,1.0,,,,,1.0,,1.0,,,,,,,,1.0,,,,,0.0,,1.0,,1.0,,,1.0,,1.0,,,,,,,
2016-011,,,1.0,,,,,1.0,,1.0,,,,,,,,1.0,,,,,,,0.0,,1.0,,,1.0,,0.0,,,,,,,
2016-013,,,0.0,,,,,0.0,,1.0,,,,,,,,1.0,,,,,0.0,,1.0,,0.0,,,1.0,,1.0,,,,,,,
2016-014,,,1.0,,,,,1.0,,1.0,,,,,,,,1.0,,,,,,,1.0,,1.0,,,1.0,,1.0,,,,,,,
2016-015,,,1.0,,,,,1.0,,1.0,,,,,,,,1.0,,,,,0.0,,1.0,,1.0,,,1.0,,1.0,,,,,,,
2016-016,,,1.0,,,,,1.0,,1.0,,,,,,,,1.0,,,,,,,1.0,,1.0,,,1.0,,1.0,,,,,,,
2016-020,,,1.0,,,,,1.0,,1.0,,,,,,,,1.0,,,,,,,1.0,,1.0,,,1.0,,1.0,,,,,,,
2016-026,,,1.0,,,,,1.0,,0.0,,,,,,,,1.0,,,,,,,1.0,,1.0,,,1.0,,1.0,,,,,,,
2016-027,,,1.0,,,,,0.0,,1.0,,,,,,,,0.0,,,,,,,1.0,,0.0,,,1.0,,1.0,,,,,,,
2016-029,,,1.0,,,,,1.0,,1.0,,,,,,,,1.0,,,,,,,1.0,,1.0,,,1.0,,1.0,,,,,,,
2016-030,,,1.0,,,,,1.0,,1.0,,,,,,,,1.0,,,,,0.0,,1.0,,1.0,,,1.0,,1.0,,,,,,,
2016-031,,,1.0,,,,,1.0,,1.0,,,,,,,,0.0,,,,,,,1.0,,1.0,,,1.0,,1.0,,,,,,,
2016-033,,,1.0,,,,,0.0,,1.0,,,,,,,,1.0,,,,,0.0,,1.0,,1.0,,,1.0,,1.0,,,,,,,
2016-034,,,1.0,,,,,1.0,,1.0,,,,,,,,1.0,,,,,0.0,,1.0,,1.0,,,1.0,,1.0,,,,,,,
2016-035,,,1.0,,,,,1.0,,1.0,,,,,,,,1.0,,,,,,,1.0,,1.0,,,1.0,,1.0,,,,,,,
2016-036,,,1.0,,,,,1.0,,1.0,,,,,,,,1.0,,,,,0.0,,1.0,,1.0,,,1.0,,1.0,,,,,,,
2016-037,,,1.0,,,,,1.0,,1.0,,,,,,,,1.0,,,,,,,1.0,,1.0,,,1.0,,1.0,,,,,,,
2016-039,,,1.0,,,,,1.0,,0.0,,,,,,,,1.0,,,,,0.0,,0.0,,1.0,,,1.0,,0.0,,,,,,,
2016-040,,,1.0,,,,,1.0,,1.0,,,,,,,,1.0,,,,,0.0,,1.0,,1.0,,,1.0,,1.0,,,,,,,
2016-041,,,1.0,,,,,1.0,,0.0,,,,,,,,1.0,,,,,0.0,,0.0,,1.0,,,0.0,,0.0,,,,,,,
2016-042,,,1.0,,,,,1.0,,1.0,,,,,,,,1.0,,,,,,,1.0,,1.0,,,1.0,,1.0,,,,,,,
2016-043,,,1.0,,,,,0.0,,1.0,,,,,,,,1.0,,,,,0.0,,0.0,,1.0,,,0.0,,1.0,,,,,,,
2016-044,,,1.0,,,,,1.0,,1.0,,,,,,,,1.0,,,,,,,0.0,,1.0,,,1.0,,1.0,,,,,,,
2016-045,,,1.0,,,,,0.0,,1.0,,,,,,,,1.0,,,,,0.0,,1.0,,1.0,,,1.0,,1.0,,,,,,,
2016-046,,,1.0,,,,,1.0,,1.0,,,,,,,,1.0,,,,,0.0,,1.0,,1.0,,,1.0,,1.0,,,,,,,
2016-047,,,1.0,,,,,1.0,,1.0,,,,,,,,1.0,,,,,0.0,,1.0,,1.0,,,1.0,,1.0,,,,,,,
2016-048,,,1.0,,,,,1.0,,1.0,,,,,,,,1.0,,,,,,,1.0,,1.0,,,1.0,,1.0,,,,,,,
2016-049,,,1.0,,,,,1.0,,1.0,,,,,,,,1.0,,,,,0.0,,1.0,,1.0,,,1.0,,1.0,,,,,,,
2016-051,,,1.0,,,,,0.0,,1.0,,,,,,,,0.0,,,,,0.0,,1.0,,0.0,,,1.0,,1.0,,,,,,,
2016-052,,,1.0,,,,,1.0,,1.0,,,,,,,,1.0,,,,,0.0,,1.0,,1.0,,,1.0,,1.0,,,,,,,
2016-053,,,1.0,,,,,1.0,,1.0,,,,,,,,1.0,,,,,0.0,,1.0,,1.0,,,1.0,,1.0,,,,,,,
2016-054,,,1.0,,,,,1.0,,1.0,,,,,,,,1.0,,,,,0.0,,1.0,,1.0,,,1.0,,1.0,,,,,,,
2016-055,,,1.0,,,,,1.0,,1.0,,,,,,,,1.0,,,,,0.0,,1.0,,1.0,,,1.0,,1.0,,,,,,,
2016-056,,,1.0,,,,,1.0,,1.0,,,,,,,,1.0,,,,,0.0,,1.0,,1.0,,,1.0,,1.0,,,,,,,
2016-057,,,1.0,,,,,1.0,,1.0,,,,,,,,1.0,,,,,0.0,,1.0,,1.0,,,1.0,,1.0,,,,,,,
2016-058,,,1.0,,,,,1.0,,1.0,,,,,,,,1.0,,,,,0.0,,1.0,,1.0,,,1.0,,1.0,,,,,,,
2016-060,,,1.0,,,,,0.0,,1.0,,,,,,,,1.0,,,,,0.0,,1.0,,0.0,,,1.0,,1.0,,,,,,,
2016-061,,,1.0,,,,,1.0,,0.0,,,,,,,,1.0,,,,,0.0,,0.0,,1.0,,,1.0,,1.0,,,,,,,
2016-062,,,1.0,,,,,1.0,,1.0,,,,,,,,1.0,,,,,0.0,,1.0,,1.0,,,1.0,,1.0,,,,,,,
2016-063,,,1.0,,,,,0.0,,1.0,,,,,,,,1.0,,,,,0.0,,1.0,,1.0,,,1.0,,1.0,,,,,,,
2016-065,,,1.0,,,,,1.0,,0.0,,,,,,,,1.0,,,,,1.0,,0.0,,1.0,,,0.0,,0.0,,,,,,,
2016-068,,,1.0,,,,,1.0,,1.0,,,,,,,,1.0,,,,,1.0,,0.0,,1.0,,,1.0,,0.0,,,,,,,
2016-069,,,1.0,,,,,1.0,,0.0,,,,,,,,1.0,,,,,1.0,,1.0,,1.0,,,0.0,,1.0,,,,,,,
2016-070,,,1.0,,,,,0.0,,1.0,,,,,,,,0.0,,,,,0.0,,1.0,,0.0,,,1.0,,1.0,,,,,,,
2016-071,,,1.0,,,,,1.0,,0.0,,,,,,,,1.0,,,,,1.0,,0.0,,1.0,,,0.0,,0.0,,,,,,,
2016-072,,,1.0,,,,,1.0,,1.0,,,,,,,,1.0,,,,,1.0,,1.0,,1.0,,,1.0,,0.0,,,,,,,
2016-073,,,1.0,,,,,1.0,,1.0,,,,,,,,1.0,,,,,1.0,,1.0,,1.0,,,1.0,,0.0,,,,,,,
2016-076,,,1.0,,,,,0.0,,1.0,,,,,,,,1.0,,,,,,,1.0,,0.0,,,1.0,,1.0,,,,,,,
2017-001,,,0.0,,,,,0.0,,1.0,,,,,,,,0.0,,,,,1.0,,1.0,,0.0,,,1.0,,1.0,,,,,,,
2017-002,,,1.0,,,,,1.0,,0.0,,,,,,,,1.0,,,,,1.0,,0.0,,1.0,,,0.0,,0.0,,,,,,,
2017-003,,,1.0,,,,,1.0,,0.0,,,,,,,,1.0,,,,,1.0,,0.0,,1.0,,,0.0,,0.0,,,,,,,
2017-005,,,0.0,,,,,0.0,,1.0,,,,,,,,1.0,,,,,1.0,,1.0,,0.0,,,1.0,,1.0,,,,,,,
2017-010,,,1.0,,,,,1.0,,0.0,,,,,,,,1.0,,,,,1.0,,0.0,,1.0,,,0.0,,0.0,,,,,,,
2017-012,,,1.0,,,,,0.0,,1.0,,,,,,,,1.0,,,,,0.0,,1.0,,0.0,,,1.0,,1.0,,,,,,,
2017-014,,,0.0,,,,,0.0,,1.0,,,,,,,,1.0,,,,,0.0,,1.0,,0.0,,,1.0,,1.0,,,,,,,
2017-017,,,0.0,,,,,1.0,,1.0,,,,,,,,0.0,,,,,0.0,,1.0,,1.0,,,1.0,,1.0,,,,,,,
2017-018,,,1.0,,,,,1.0,,0.0,,,,,,,,1.0,,,,,1.0,,0.0,,1.0,,,0.0,,0.0,,,,,,,
2017-020,,,1.0,,,,,1.0,,1.0,,,,,,,,1.0,,,,,1.0,,0.0,,1.0,,,1.0,,0.0,,,,,,,
2017-021,,,0.0,,,,,0.0,,1.0,,,,,,,,1.0,,,,,0.0,,1.0,,0.0,,,1.0,,1.0,,,,,,,
2017-022,,,1.0,,,,,1.0,,1.0,,,,,,,,1.0,,,,,1.0,,0.0,,1.0,,,1.0,,0.0,,,,,,,
2017-023,,,1.0,,,,,1.0,,0.0,,,,,,,,1.0,,,,,1.0,,1.0,,1.0,,,1.0,,1.0,,,,,,,
2017-024,,,1.0,,,,,1.0,,1.0,,,,,,,,0.0,,,,,0.0,,1.0,,1.0,,,1.0,,1.0,,,,,,,
2017-025,,,1.0,,,,,1.0,,0.0,,,,,,,,1.0,,,,,1.0,,0.0,,1.0,,,0.0,,0.0,,,,,,,
2017-026,,,1.0,,,,,1.0,,0.0,,,,,,,,1.0,,,,,1.0,,0.0,,1.0,,,0.0,,0.0,,,,,,,
2017-027,,,1.0,,,,,0.0,,1.0,,,,,,,,1.0,,,,,1.0,,1.0,,0.0,,,1.0,,1.0,,,,,,,
2017-031,,,1.0,,,,,0.0,,0.0,,,,,,,,1.0,,,,,0.0,,1.0,,0.0,,,1.0,,1.0,,,,,,,
2017-039,,,1.0,,,,,0.0,,1.0,,,,,,,,1.0,,,,,0.0,,1.0,,0.0,,,1.0,,1.0,,,,,,,
2017-040,,,1.0,,,,,1.0,,0.0,,,,,,,,1.0,,,,,1.0,,0.0,,1.0,,,0.0,,0.0,,,,,,,
2017-041,,,1.0,,,,,1.0,,0.0,,,,,,,,1.0,,,,,1.0,,0.0,,1.0,,,0.0,,0.0,,,,,,,
2017-042,,,1.0,,,,,1.0,,0.0,,,,,,,,1.0,,,,,1.0,,0.0,,1.0,,,0.0,,0.0,,,,,,,
2017-043,,,1.0,,,,,1.0,,1.0,,,,,,,,1.0,,,,,1.0,,1.0,,1.0,,,0.0,,0.0,,,,,,,
2017-044,,,1.0,,,,,1.0,,0.0,,,,,,,,1.0,,,,,1.0,,0.0,,1.0,,,0.0,,0.0,,,,,,,
2017-045,,,1.0,,,,,1.0,,0.0,,,,,,,,1.0,,,,,1.0,,0.0,,1.0,,,0.0,,0.0,,,,,,,
2017-046,,,1.0,,,,,1.0,,1.0,,,,,,,,1.0,,,,,0.0,,1.0,,1.0,,,1.0,,1.0,,,,,,,
2017-047,,,1.0,,,,,0.0,,1.0,,,,,,,,1.0,,,,,1.0,,1.0,,0.0,,,1.0,,1.0,,,,,,,
2017-049,,,1.0,,,,,0.0,,1.0,,,,,,,,1.0,,,,,1.0,,1.0,,1.0,,,1.0,,1.0,,,,,,,
2017-050,,,1.0,,,,,1.0,,1.0,,,,,,,,1.0,,,,,0.0,,1.0,,1.0,,,1.0,,1.0,,,,,,,
2017-057,,,1.0,,,,,1.0,,0.0,,,,,,,,1.0,,,,,1.0,,0.0,,1.0,,,0.0,,0.0,,,,,,,
2017-058,,,1.0,,,,,1.0,,1.0,,,,,,,,1.0,,,,,0.0,,1.0,,1.0,,,0.0,,1.0,,,,,,,
2017-059,,,1.0,,,,,1.0,,0.0,,,,,,,,0.0,,,,,1.0,,1.0,,1.0,,,0.0,,0.0,,,,,,,
2017-062,,,0.0,,,,,0.0,,0.0,,,,,,,,0.0,,,,,0.0,,0.0,,0.0,,,0.0,,0.0,,,,,,,
2017-063,,,1.0,,,,,1.0,,1.0,,,,,,,,1.0,,,,,0.0,,1.0,,1.0,,,1.0,,1.0,,,,,,,
2017-064,,,1.0,,,,,0.0,,1.0,,,,,,,,1.0,,,,,1.0,,1.0,,0.0,,,1.0,,1.0,,,,,,,
2017-067,,,1.0,,,,,0.0,,1.0,,,,,,,,0.0,,,,,1.0,,1.0,,0.0,,,1.0,,1.0,,,,,,,
2017-069,,,1.0,,,,,1.0,,1.0,,,,,,,,1.0,,,,,1.0,,0.0,,1.0,,,1.0,,0.0,,,,,,,
2017-070,,,1.0,,,,,1.0,,1.0,,,,,,,,1.0,,,,,1.0,,1.0,,0.0,,,1.0,,1.0,,,,,,,
2017-071,,,0.0,,,,,1.0,,0.0,,,,,,,,1.0,,,,,0.0,,1.0,,1.0,,,1.0,,0.0,,,,,,,
2017-072,,,1.0,,,,,1.0,,0.0,,,,,,,,1.0,,,,,1.0,,0.0,,1.0,,,0.0,,0.0,,,,,,,
2017-074,,,1.0,,,,,1.0,,0.0,,,,,,,,1.0,,,,,1.0,,0.0,,1.0,,,0.0,,0.0,,,,,,,
2017-075,,,1.0,,,,,1.0,,1.0,,,,,,,,1.0,,,,,1.0,,1.0,,0.0,,,1.0,,1.0,,,,,,,
2018-001,,,,,0.0,,,1.0,,1.0,,,,,,,,1.0,,,,,1.0,,1.0,,1.0,,,1.0,,1.0,,,,,,,
2018-002,,,,,0.0,,,1.0,,1.0,,,,,,,,1.0,,,,,1.0,,1.0,,1.0,,,1.0,,1.0,,,,,,,
2018-003,,,,,0.0,,,0.0,,1.0,,,,,,,,0.0,,,,,0.0,,1.0,,1.0,,,1.0,,1.0,,,,,,,
2018-004,,,,,0.0,,,0.0,,1.0,,,,,,,,1.0,,,,,0.0,,1.0,,0.0,,,1.0,,1.0,,,,,,,
2018-005,,,,,1.0,,,1.0,,0.0,,,,,,,,1.0,,,,,1.0,,0.0,,1.0,,,0.0,,0.0,,,,,,,
2018-006,,,,,0.0,,,1.0,,1.0,,,,,,,,1.0,,,,,1.0,,1.0,,1.0,,,1.0,,1.0,,,,,,,
2018-007,,,,,1.0,,,1.0,,0.0,,,,,,,,0.0,,,,,1.0,,0.0,,1.0,,,1.0,,0.0,,,,,,,
2018-009,,,,,1.0,,,0.0,,1.0,,,,,,,,1.0,,,,,0.0,,1.0,,0.0,,,1.0,,1.0,,,,,,,
2018-010,,,,,1.0,,,1.0,,0.0,,,,,,,,1.0,,,,,1.0,,0.0,,1.0,,,0.0,,0.0,,,,,,,
2018-011,,,,,1.0,,,1.0,,0.0,,,,,,,,1.0,,,,,1.0,,0.0,,1.0,,,0.0,,0.0,,,,,,,
2018-013,,,,,0.0,,,0.0,,1.0,,,,,,,,0.0,,,,,1.0,,1.0,,0.0,,,1.0,,1.0,,,,,,,
2018-014,,,,,1.0,,,0.0,,1.0,,,,,,,,1.0,,,,,0.0,,1.0,,0.0,,,1.0,,1.0,,,,,,,
2018-015,,,,,1.0,,,0.0,,1.0,,,,,,,,1.0,,,,,1.0,,1.0,,1.0,,,1.0,,1.0,,,,,,,
2018-016,,,,,0.0,,,1.0,,1.0,,,,,,,,1.0,,,,,1.0,,1.0,,1.0,,,0.0,,1.0,,,,,,,
2018-017,,,,,1.0,,,1.0,,1.0,,,,,,,,0.0,,,,,1.0,,1.0,,0.0,,,0.0,,1.0,,,,,,,
2018-019,,,,,1.0,,,0.0,,1.0,,,,,,,,1.0,,,,,0.0,,1.0,,1.0,,,1.0,,1.0,,,,,,,
2018-020,,,,,1.0,,,1.0,,0.0,,,,,,,,1.0,,,,,1.0,,0.0,,1.0,,,0.0,,0.0,,,,,,,
2018-022,,,,,1.0,,,0.0,,1.0,,,,,,,,1.0,,,,,1.0,,1.0,,1.0,,,1.0,,1.0,,,,,,,
2018-023,,,,,1.0,,,0.0,,1.0,,,,,,,,0.0,,,,,0.0,,1.0,,0.0,,,1.0,,1.0,,,,,,,
2018-026,,,,,0.0,,,0.0,,1.0,,,,,,,,0.0,,,,,1.0,,1.0,,0.0,,,1.0,,1.0,,,,,,,
2018-028,,,,,1.0,,,1.0,,1.0,,,,,,,,1.0,,,,,0.0,,0.0,,1.0,,,1.0,,1.0,,,,,,,
2018-029,,,,,0.0,,,0.0,,1.0,,,,,,,,1.0,,,,,0.0,,1.0,,1.0,,,1.0,,1.0,,,,,,,
2018-033,,,,,1.0,,,1.0,,1.0,,,,,,,,1.0,,,,,1.0,,1.0,,1.0,,,1.0,,0.0,,,,,,,
2018-034,,,,,1.0,,,1.0,,1.0,,,,,,,,1.0,,,,,0.0,,0.0,,1.0,,,1.0,,0.0,,,,,,,
2018-036,,,,,1.0,,,1.0,,0.0,,,,,,,,1.0,,,,,1.0,,0.0,,1.0,,,0.0,,0.0,,,,,,,
2018-039,,,,,0.0,,,1.0,,1.0,,,,,,,,0.0,,,,,0.0,,1.0,,0.0,,,1.0,,1.0,,,,,,,
2018-040,,,,,0.0,,,1.0,,1.0,,,,,,,,1.0,,,,,1.0,,1.0,,1.0,,,0.0,,1.0,,,,,,,
2018-041,,,,,1.0,,,1.0,,0.0,,,,,,,,1.0,,,,,1.0,,0.0,,1.0,,,0.0,,1.0,,,,,,,
2018-044,,,,,1.0,,,1.0,,1.0,,,,,,,,1.0,,,,,0.0,,1.0,,1.0,,,1.0,,1.0,,,,,,,
2018-045,,,,,0.0,,,0.0,,1.0,,,,,,,,0.0,,,,,1.0,,1.0,,0.0,,,1.0,,1.0,,,,,,,
2018-047,,,,,1.0,,,1.0,,0.0,,,,,,,,1.0,,,,,1.0,,0.0,,1.0,,,0.0,,0.0,,,,,,,
2018-048,,,,,1.0,,,1.0,,1.0,,,,,,,,1.0,,,,,1.0,,0.0,,1.0,,,1.0,,0.0,,,,,,,
2018-049,,,,,1.0,,,1.0,,0.0,,,,,,,,1.0,,,,,0.0,,1.0,,1.0,,,0.0,,0.0,,,,,,,
2018-050,,,,,1.0,,,0.0,,1.0,,,,,,,,1.0,,,,,0.0,,1.0,,1.0,,,1.0,,1.0,,,,,,,
2018-052,,,,,1.0,,,0.0,,1.0,,,,,,,,1.0,,,,,0.0,,1.0,,1.0,,,1.0,,1.0,,,,,,,
2018-056,,,,,1.0,,,0.0,,1.0,,,,,,,,1.0,,,,,0.0,,1.0,,0.0,,,1.0,,1.0,,,,,,,
2018-057,,,,,0.0,,,1.0,,1.0,,,,,,,,0.0,,,,,1.0,,1.0,,0.0,,,0.0,,1.0,,,,,,,
2018-060,,,,,1.0,,,1.0,,1.0,,,,,,,,1.0,,,,,1.0,,0.0,,1.0,,,0.0,,0.0,,,,,,,
2018-062,,,,,1.0,,,1.0,,0.0,,,,,,,,1.0,,,,,1.0,,0.0,,1.0,,,0.0,,0.0,,,,,,,
2018-064,,,,,1.0,,,1.0,,1.0,,,,,,,,0.0,,,,,1.0,,1.0,,1.0,,,0.0,,0.0,,,,,,,
2018-066,,,,,1.0,,,0.0,,1.0,,,,,,,,1.0,,,,,1.0,,1.0,,0.0,,,1.0,,1.0,,,,,,,
2018-067,,,,,1.0,,,1.0,,0.0,,,,,,,,1.0,,,,,0.0,,0.0,,1.0,,,1.0,,0.0,,,,,,,
2018-068,,,,,0.0,,,0.0,,1.0,,,,,,,,1.0,,,,,0.0,,1.0,,0.0,,,1.0,,1.0,,,,,,,
2018-072,,,,,0.0,,,0.0,,1.0,,,,,,,,0.0,,,,,1.0,,1.0,,0.0,,,1.0,,1.0,,,,,,,
2018-073,,,,,1.0,,,0.0,,0.0,,,,,,,,1.0,,,,,0.0,,1.0,,1.0,,,1.0,,1.0,,,,,,,
2018-074,,,,,1.0,,,1.0,,1.0,,,,,,,,1.0,,,,,1.0,,0.0,,1.0,,,0.0,,0.0,,,,,,,
2019-001,,,,,1.0,,,1.0,,1.0,,,,,,,,1.0,,,,,1.0,,0.0,,1.0,,,0.0,,0.0,,,,,,,
2019-002,,,,,1.0,,,1.0,,0.0,,,,,,,,0.0,,,,,1.0,,1.0,,0.0,,,1.0,,1.0,,,,,,,
2019-004,,,,,0.0,,,0.0,,1.0,,,,,,,,1.0,,,,,1.0,,1.0,,0.0,,,1.0,,1.0,,,,,,,
2019-007,,,,,1.0,,,1.0,,1.0,,,,,,,,1.0,,,,,1.0,,0.0,,1.0,,,1.0,,1.0,,,,,,,
2019-009,,,,,1.0,,,1.0,,0.0,,,,,,,,1.0,,,,,1.0,,0.0,,1.0,,,0.0,,0.0,,,,,,,
2019-010,,,,,1.0,,,1.0,,0.0,,,,,,,,1.0,,,,,1.0,,0.0,,1.0,,,0.0,,0.0,,,,,,,
2019-011,,,,,1.0,,,1.0,,1.0,,,,,,,,1.0,,,,,1.0,,1.0,,1.0,,,1.0,,0.0,,,,,,,
2019-013,,,,,1.0,,,0.0,,1.0,,,,,,,,1.0,,,,,1.0,,1.0,,0.0,,,1.0,,1.0,,,,,,,
2019-015,,,,,1.0,,,0.0,,1.0,,,,,,,,1.0,,,,,0.0,,1.0,,0.0,,,1.0,,1.0,,,,,,,
2019-016,,,,,1.0,,,1.0,,0.0,,,,,,,,1.0,,,,,1.0,,0.0,,1.0,,,0.0,,0.0,,,,,,,
2019-017,,,,,0.0,,,0.0,,1.0,,,,,,,,1.0,,,,,0.0,,1.0,,0.0,,,1.0,,1.0,,,,,,,
2019-020,,,,,1.0,,,0.0,,1.0,,,,,,,,1.0,,,,,1.0,,0.0,,0.0,,,0.0,,1.0,,,,,,,
2019-021,,,,,1.0,,,0.0,,1.0,,,,,,,,1.0,,,,,0.0,,1.0,,0.0,,,1.0,,1.0,,,,,,,
2019-022,,,,,1.0,,,0.0,,1.0,,,,,,,,1.0,,,,,0.0,,1.0,,1.0,,,1.0,,1.0,,,,,,,
2019-025,,,,,1.0,,,0.0,,1.0,,,,,,,,1.0,,,,,1.0,,1.0,,0.0,,,1.0,,1.0,,,,,,,
2019-026,,,,,1.0,,,1.0,,1.0,,,,,,,,1.0,,,,,0.0,,1.0,,1.0,,,1.0,,0.0,,,,,,,
2019-027,,,,,1.0,,,0.0,,1.0,,,,,,,,1.0,,,,,1.0,,1.0,,0.0,,,1.0,,1.0,,,,,,,
2019-029,,,,,1.0,,,1.0,,1.0,,,,,,,,1.0,,,,,1.0,,1.0,,0.0,,,1.0,,1.0,,,,,,,
2019-031,,,,,1.0,,,1.0,,0.0,,,,,,,,1.0,,,,,1.0,,0.0,,1.0,,,0.0,,0.0,,,,,,,
2019-032,,,,,0.0,,,1.0,,1.0,,,,,,,,1.0,,,,,1.0,,1.0,,1.0,,,1.0,,1.0,,,,,,,
2019-033,,,,,1.0,,,1.0,,0.0,,,,,,,,1.0,,,,,1.0,,0.0,,1.0,,,0.0,,0.0,,,,,,,
2019-034,,,,,1.0,,,0.0,,1.0,,,,,,,,1.0,,,,,1.0,,1.0,,1.0,,,1.0,,1.0,,,,,,,
2019-038,,,,,1.0,,,1.0,,0.0,,,,,,,,1.0,,,,,1.0,,0.0,,1.0,,,0.0,,0.0,,,,,,,
2019-040,,,,,0.0,,,0.0,,1.0,,,,,,,,1.0,,,,,0.0,,1.0,,0.0,,,1.0,,1.0,,,,,,,
2019-041,,,,,1.0,,,1.0,,0.0,,,,,,,,1.0,,,,,1.0,,1.0,,1.0,,,1.0,,0.0,,,,,,,
2019-045,,,,,1.0,,,0.0,,1.0,,,,,,,,1.0,,,,,1.0,,1.0,,0.0,,,1.0,,1.0,,,,,,,
2019-048,,,,,0.0,,,0.0,,1.0,,,,,,,,0.0,,,,,1.0,,1.0,,0.0,,,1.0,,1.0,,,,,,,
2019-049,,,,,1.0,,,1.0,,1.0,,,,,,,,1.0,,,,,1.0,,1.0,,1.0,,,0.0,,1.0,,,,,,,
2019-052,,,,,1.0,,,1.0,,0.0,,,,,,,,1.0,,,,,1.0,,0.0,,1.0,,,0.0,,0.0,,,,,,,
2019-054,,,,,1.0,,,1.0,,1.0,,,,,,,,1.0,,,,,1.0,,0.0,,1.0,,,1.0,,0.0,,,,,,,
2019-060,,,,,1.0,,,1.0,,1.0,,,,,,,,1.0,,,,,1.0,,0.0,,1.0,,,1.0,,0.0,,,,,,,
2019-063,,,,,1.0,,,1.0,,0.0,,,,,,,,1.0,,,,,1.0,,0.0,,1.0,,,0.0,,1.0,,,,,,,
2019-067,,,,,1.0,,,0.0,,1.0,,,,,,,,1.0,,,,,1.0,,1.0,,0.0,,,1.0,,1.0,,,,,,,
2019-070,,,,,1.0,,,1.0,,0.0,,,,,,,,1.0,,,,,1.0,,1.0,,1.0,,,1.0,,0.0,,,,,,,
2019-071,,,,,1.0,,,1.0,,0.0,,,,,,,,1.0,,,,,1.0,,0.0,,1.0,,,0.0,,0.0,,,,,,,
2019-072,,,,,1.0,,,0.0,,1.0,,,,,,,,1.0,,,,,1.0,,1.0,,1.0,,,1.0,,1.0,,,,,,,
2019-073,,,,,1.0,,,1.0,,1.0,,,,,,,,1.0,,,,,1.0,,1.0,,1.0,,,1.0,,0.0,,,,,,,
2019-074,,,,,1.0,,,0.0,,1.0,,,,,,,,1.0,,,,,1.0,,1.0,,0.0,,,1.0,,1.0,,,,,,,
2020-001,0.0,,,,1.0,,,1.0,,1.0,,,,,,,,1.0,,,,,1.0,,,,0.0,,,1.0,,1.0,,,,,,,
2020-002,0.0,,,,1.0,,,1.0,,1.0,,,,,,,,1.0,,,,,1.0,,,,1.0,,,1.0,,1.0,,,,,,,
2020-003,0.0,,,,1.0,,,1.0,,1.0,,,,,,,,1.0,,,,,1.0,,,,1.0,,,1.0,,1.0,,,,,,,
2020-004,0.0,,,,1.0,,,1.0,,1.0,,,,,,,,1.0,,,,,1.0,,,,1.0,,,1.0,,1.0,,,,,,,
2020-005,0.0,,,,1.0,,,1.0,,1.0,,,,,,,,1.0,,,,,1.0,,,,1.0,,,1.0,,1.0,,,,,,,
2020-006,0.0,,,,1.0,,,0.0,,1.0,,,,,,,,1.0,,,,,1.0,,,,0.0,,,1.0,,1.0,,,,,,,
2020-007,0.0,,,,1.0,,,1.0,,1.0,,,,,,,,1.0,,,,,1.0,,,,1.0,,,1.0,,1.0,,,,,,,
2020-008,0.0,,,,1.0,,,1.0,,1.0,,,,,,,,1.0,,,,,1.0,,,,1.0,,,1.0,,1.0,,,,,,,
2020-009,0.0,,,,1.0,,,0.0,,1.0,,,,,,,,1.0,,,,,0.0,,,,0.0,,,1.0,,1.0,,,,,,,
2020-011,1.0,,,,1.0,,,1.0,,1.0,,,,,,,,1.0,,,,,1.0,,,,1.0,,,0.0,,0.0,,,,,,,
2020-012,0.0,,,,1.0,,,0.0,,1.0,,,,,,,,1.0,,,,,0.0,,,,0.0,,,1.0,,1.0,,,,,,,
2020-013,0.0,,,,0.0,,,1.0,,1.0,,,,,,,,0.0,,,,,1.0,,,,0.0,,,1.0,,1.0,,,,,,,
2020-014,1.0,,,,1.0,,,1.0,,0.0,,,,,,,,1.0,,,,,1.0,,,,1.0,,,0.0,,0.0,,,,,,,
2020-017,1.0,,,,0.0,,,1.0,,1.0,,,,,,,,0.0,,,,,1.0,,,,0.0,,,1.0,,1.0,,,,,,,
2020-018,1.0,,,,1.0,,,1.0,,1.0,,,,,,,,1.0,,,,,0.0,,,,0.0,,,1.0,,1.0,,,,,,,
2020-019,1.0,,,,1.0,,,0.0,,1.0,,,,,,,,0.0,,,,,1.0,,,,0.0,,,1.0,,1.0,,,,,,,
2020-020,1.0,,,,1.0,,,1.0,,0.0,,,,,,,,1.0,,,,,1.0,,,,1.0,,,0.0,,0.0,,,,,,,
2020-021,1.0,,,,1.0,,,1.0,,1.0,,,,,,,,1.0,,,,,1.0,,,,0.0,,,1.0,,1.0,,,,,,,
2020-029,1.0,,,,1.0,,,1.0,,1.0,,,,,,,,1.0,,,,,1.0,,,,1.0,,,0.0,,0.0,,,,,,,
2020-031,1.0,,,,1.0,,,1.0,,0.0,,,,,,,,1.0,,,,,1.0,,,,1.0,,,0.0,,0.0,,,,,,,
2020-032,1.0,,,,1.0,,,1.0,,1.0,,,,,,,,0.0,,,,,1.0,,,,1.0,,,1.0,,1.0,,,,,,,
2020-033,1.0,,,,1.0,,,1.0,,0.0,,,,,,,,1.0,,,,,1.0,,,,1.0,,,0.0,,0.0,,,,,,,
2020-039,1.0,,,,1.0,,,1.0,,1.0,,,,,,,,1.0,,,,,1.0,,,,0.0,,,1.0,,0.0,,,,,,,
2020-044,1.0,,,,1.0,,,0.0,,0.0,,,,,,,,1.0,,,,,1.0,,,,1.0,,,0.0,,0.0,,,,,,,
2020-046,1.0,,,,1.0,,,1.0,,0.0,,,,,,,,1.0,,,,,1.0,,,,1.0,,,0.0,,0.0,,,,,,,
2020-051,1.0,,,,1.0,,,1.0,,0.0,,,,,,,,1.0,,,,,1.0,,,,1.0,,,0.0,,0.0,,,,,,,
2020-053,1.0,,,,1.0,,,0.0,,1.0,,,,,,,,1.0,,,,,0.0,,,,0.0,,,1.0,,0.0,,,,,,,
2020-054,1.0,,,,1.0,,,0.0,,0.0,,,,,,,,1.0,,,,,1.0,,,,1.0,,,0.0,,0.0,,,,,,,
2020-056,1.0,,,,1.0,,,1.0,,0.0,,,,,,,,1.0,,,,,1.0,,,,1.0,,,0.0,,0.0,,,,,,,
2020-057,1.0,,,,1.0,,,0.0,,1.0,,,,,,,,1.0,,,,,1.0,,,,1.0,,,1.0,,1.0,,,,,,,
2020-062,0.0,,,,1.0,,,0.0,,1.0,,,,,,,,1.0,,,,,0.0,,,,0.0,,,1.0,,1.0,,,,,,,
2020-064,0.0,,,,1.0,,,1.0,,0.0,,,,,,,,1.0,,,,,1.0,,,,1.0,,,1.0,,0.0,,,,,,,
2020-065,1.0,,,,1.0,,,0.0,,0.0,,,,,,,,1.0,,,,,0.0,,,,1.0,,,1.0,,1.0,,,,,,,
2020-068,0.0,,,,1.0,,,0.0,,0.0,,,,,,,,1.0,,,,,0.0,,,,1.0,,,1.0,,1.0,,,,,,,
2021-003,1.0,,,,1.0,,,1.0,,0.0,,,,,,,,1.0,,,,,1.0,,,,1.0,,,0.0,,0.0,,,,,,,
2021-004,1.0,,,,1.0,,,0.0,,1.0,,,,,,,,1.0,,,,,1.0,,,,1.0,,,1.0,,1.0,,,,,,,
2021-005,1.0,,,,1.0,,,1.0,,0.0,,,,,,,,1.0,,,,,0.0,,,,1.0,,,1.0,,0.0,,,,,,,
2021-006,1.0,,,,1.0,,,1.0,,1.0,,,,,,,,1.0,,,,,1.0,,,,1.0,,,1.0,,0.0,,,,,,,
2021-007,1.0,,,,1.0,,,0.0,,1.0,,,,,,,,1.0,,,,,0.0,,,,0.0,,,1.0,,1.0,,,,,,,
2021-008,1.0,,,,1.0,,,1.0,,0.0,,,,,,,,1.0,,,,,1.0,,,,1.0,,,0.0,,0.0,,,,,,,
2021-009,1.0,,,,1.0,,,1.0,,1.0,,,,,,,,1.0,,,,,0.0,,,,1.0,,,1.0,,1.0,,,,,,,
2021-010,1.0,,,,1.0,,,1.0,,0.0,,,,,,,,1.0,,,,,1.0,,,,1.0,,,0.0,,0.0,,,,,,,
2021-012,1.0,,,,1.0,,,1.0,,1.0,,,,,,,,1.0,,,,,1.0,,,,1.0,,,0.0,,1.0,,,,,,,
2021-013,1.0,,,,1.0,,,1.0,,0.0,,,,,,,,1.0,,,,,1.0,,,,1.0,,,0.0,,0.0,,,,,,,
2021-015,1.0,,,,1.0,,,0.0,,1.0,,,,,,,,1.0,,,,,0.0,,,,0.0,,,1.0,,1.0,,,,,,,
2021-016,1.0,,,,1.0,,,1.0,,1.0,,,,,,,,1.0,,,,,1.0,,,,1.0,,,1.0,,0.0,,,,,,,
2021-017,0.0,,,,1.0,,,0.0,,1.0,,,,,,,,1.0,,,,,0.0,,,,1.0,,,1.0,,1.0,,,,,,,
2021-018,1.0,,,,1.0,,,1.0,,1.0,,,,,,,,1.0,,,,,1.0,,,,1.0,,,0.0,,1.0,,,,,,,
2021-019,1.0,,,,1.0,,,1.0,,0.0,,,,,,,,1.0,,,,,1.0,,,,1.0,,,0.0,,0.0,,,,,,,
2021-020,0.0,,,,1.0,,,1.0,,1.0,,,,,,,,1.0,,,,,1.0,,,,1.0,,,1.0,,1.0,,,,,,,
2021-021,1.0,,,,1.0,,,1.0,,0.0,,,,,,,,1.0,,,,,1.0,,,,1.0,,,0.0,,0.0,,,,,,,
2021-022,1.0,,,,1.0,,,1.0,,0.0,,,,,,,,1.0,,,,,1.0,,,,1.0,,,0.0,,0.0,,,,,,,
2021-023,1.0,,,,1.0,,,1.0,,0.0,,,,,,,,1.0,,,,,0.0,,,,1.0,,,0.0,,0.0,,,,,,,
2021-024,1.0,,,,1.0,,,1.0,,0.0,,,,,,,,1.0,,,,,1.0,,,,1.0,,,0.0,,0.0,,,,,,,
2021-026,1.0,,,,1.0,,,1.0,,1.0,,,,,,,,1.0,,,,,1.0,,,,1.0,,,0.0,,0.0,,,,,,,
2021-027,1.0,,,,0.0,,,1.0,,1.0,,,,,,,,0.0,,,,,0.0,,,,0.0,,,1.0,,1.0,,,,,,,
2021-029,1.0,,,,1.0,,,0.0,,1.0,,,,,,,,1.0,,,,,1.0,,,,0.0,,,1.0,,1.0,,,,,,,
2021-030,1.0,,,,1.0,,,0.0,,1.0,,,,,,,,1.0,,,,,1.0,,,,1.0,,,1.0,,1.0,,,,,,,
2021-033,1.0,,,,1.0,,,1.0,,0.0,,,,,,,,0.0,,,,,1.0,,,,1.0,,,0.0,,0.0,,,,,,,
2021-034,1.0,,,,1.0,,,1.0,,1.0,,,,,,,,1.0,,,,,1.0,,,,1.0,,,1.0,,0.0,,,,,,,
2021-035,1.0,,,,1.0,,,1.0,,0.0,,,,,,,,1.0,,,,,1.0,,,,1.0,,,0.0,,0.0,,,,,,,
2021-036,0.0,,,,1.0,,,0.0,,1.0,,,,,,,,1.0,,,,,0.0,,,,0.0,,,1.0,,1.0,,,,,,,
2021-040,1.0,,,,1.0,,,1.0,,0.0,,,,,,,,1.0,,,,,1.0,,,,1.0,,,0.0,,0.0,,,,,,,
2021-041,0.0,,,,0.0,,,1.0,,1.0,,,,,,,,0.0,,,,,1.0,,,,0.0,,,1.0,,1.0,,,,,,,
2021-042,1.0,,,,1.0,,,1.0,,0.0,,,,,,,,1.0,,,,,0.0,,,,1.0,,,1.0,,0.0,,,,,,,
2021-043,1.0,,,,0.0,,,0.0,,1.0,,,,,,,,0.0,,,,,1.0,,,,0.0,,,1.0,,1.0,,,,,,,
2021-045,1.0,,,,1.0,,,1.0,,0.0,,,,,,,,1.0,,,,,1.0,,,,1.0,,,0.0,,0.0,,,,,,,
2021-047,1.0,,,,1.0,,,1.0,,0.0,,,,,,,,1.0,,,,,1.0,,,,1.0,,,1.0,,0.0,,,,,,,
2021-048,1.0,,,,1.0,,,1.0,,0.0,,,,,,,,1.0,,,,,1.0,,,,1.0,,,0.0,,0.0,,,,,,,
2021-049,0.0,,,,1.0,,,0.0,,1.0,,,,,,,,1.0,,,,,0.0,,,,0.0,,,1.0,,1.0,,,,,,,
2021-050,0.0,,,,0.0,,,0.0,,0.0,,,,,,,,0.0,,,,,0.0,,,,0.0,,,0.0,,0.0,,,,,,,
2021-053,1.0,,,,1.0,,,0.0,,1.0,,,,,,,,1.0,,,,,1.0,,,,1.0,,,1.0,,1.0,,,,,,,
2021-055,1.0,,,,1.0,,,1.0,,1.0,,,,,,,,1.0,,,,,0.0,,,,1.0,,,0.0,,0.0,,,,,,,
2021-056,1.0,,,,1.0,,,1.0,,1.0,,,,,,,,1.0,,,,,1.0,,,,1.0,,,1.0,,0.0,,,,,,,
2021-057,0.0,,,,1.0,,,1.0,,1.0,,,,,,,,1.0,,,,,1.0,,,,1.0,,,1.0,,1.0,,,,,,,
2021-061,1.0,,,,1.0,,,1.0,,0.0,,,,,,,,1.0,,,,,1.0,,,,1.0,,,0.0,,0.0,,,,,,,
2021-062,1.0,,,,1.0,,,1.0,,0.0,,,,,,,,1.0,,,,,0.0,,,,1.0,,,0.0,,0.0,,,,,,,
2021-063,0.0,,,,1.0,,,0.0,,1.0,,,,,,,,1.0,,,,,0.0,,,,0.0,,,1.0,,1.0,,,,,,,
2021-066,1.0,,,,1.0,,,1.0,,0.0,,,,,,,,1.0,,,,,1.0,,,,1.0,,,0.0,,0.0,,,,,,,
2021-067,1.0,,,,1.0,,,1.0,,0.0,,,,,,,,1.0,,,,,0.0,,,,1.0,,,0.0,,0.0,,,,,,,
2021-068,1.0,,,,1.0,,,1.0,,1.0,,,,,,,,1.0,,,,,0.0,,,,1.0,,,1.0,,1.0,,,,,,,
2021-069,0.0,,,,1.0,,,0.0,,1.0,,,,,,,,1.0,,,,,0.0,,,,0.0,,,1.0,,1.0,,,,,,,
2022-004,0.0,,,,1.0,,,0.0,,1.0,,,,,,,,1.0,,,1.0,,0.0,,,,0.0,,,,,1.0,,,,,,,
2022-005,1.0,,,,1.0,,,0.0,,1.0,,,,,,,,1.0,,,1.0,,0.0,,,,0.0,,,,,1.0,,,,,,,
2022-006,1.0,,,,0.0,,,1.0,,1.0,,,,,,,,0.0,,,0.0,,1.0,,,,0.0,,,,,1.0,,,,,,,
2022-007,1.0,,,,1.0,,,1.0,,0.0,,,,,,,,0.0,,,1.0,,1.0,,,,1.0,,,,,1.0,,,,,,,
2022-008,1.0,,,,0.0,,,1.0,,1.0,,,,,,,,1.0,,,1.0,,0.0,,,,0.0,,,,,1.0,,,,,,,
2022-009,1.0,,,,1.0,,,1.0,,0.0,,,,,,,,1.0,,,0.0,,1.0,,,,1.0,,,,,0.0,,,,,,,
2022-011,0.0,,,,1.0,,,0.0,,1.0,,,,,,,,1.0,,,1.0,,0.0,,,,0.0,,,,,1.0,,,,,,,
2022-012,1.0,,,,1.0,,,1.0,,0.0,,,,,,,,1.0,,,0.0,,1.0,,,,1.0,,,,,0.0,,,,,,,
2022-013,0.0,,,,1.0,,,0.0,,0.0,,,,,,,,1.0,,,1.0,,1.0,,,,1.0,,,,,0.0,,,,,,,
2022-016,0.0,,,,0.0,,,1.0,,0.0,,,,,,,,0.0,,,1.0,,1.0,,,,1.0,,,,,1.0,,,,,,,
2022-017,1.0,,,,1.0,,,0.0,,1.0,,,,,,,,1.0,,,1.0,,1.0,,,,0.0,,,,,1.0,,,,,,,
2022-018,1.0,,,,1.0,,,0.0,,1.0,,,,,,,,1.0,,,1.0,,1.0,,,,0.0,,,,,1.0,,,,,,,
2022-019,1.0,,,,1.0,,,1.0,,0.0,,,,,,,,1.0,,,0.0,,1.0,,,,1.0,,,,,0.0,,,,,,,
2022-021,1.0,,,,1.0,,,0.0,,1.0,,,,,,,,1.0,,,1.0,,1.0,,,,1.0,,,,,1.0,,,,,,,
2022-023,1.0,,,,1.0,,,0.0,,1.0,,,,,,,,0.0,,,1.0,,1.0,,,,0.0,,,,,1.0,,,,,,,
2022-026,1.0,,,,1.0,,,0.0,,1.0,,,,,,,,1.0,,,1.0,,0.0,,,,0.0,,,,,1.0,,,,,,,
2022-028,1.0,,,,1.0,,,1.0,,1.0,,,,,,,,1.0,,,1.0,,0.0,,,,0.0,,,,,1.0,,,,,,,
2022-030,1.0,,,,1.0,,,1.0,,1.0,,,,,,,,1.0,,,0.0,,1.0,,,,1.0,,,,,1.0,,,,,,,
2022-038,1.0,,,,1.0,,,1.0,,0.0,,,,,,,,1.0,,,0.0,,1.0,,,,1.0,,,,,0.0,,,,,,,
2022-041,1.0,,,,1.0,,,1.0,,1.0,,,,,,,,1.0,,,0.0,,1.0,,,,1.0,,,,,0.0,,,,,,,
2022-042,1.0,,,,1.0,,,1.0,,0.0,,,,,,,,1.0,,,0.0,,0.0,,,,1.0,,,,,0.0,,,,,,,
2022-043,1.0,,,,1.0,,,0.0,,0.0,,,,,,,,1.0,,,0.0,,1.0,,,,1.0,,,,,0.0,,,,,,,
2022-049,1.0,,,,1.0,,,1.0,,0.0,,,,,,,,1.0,,,0.0,,1.0,,,,1.0,,,,,0.0,,,,,,,
2022-052,1.0,,,,1.0,,,1.0,,0.0,,,,,,,,1.0,,,1.0,,0.0,,,,1.0,,,,,0.0,,,,,,,
2022-055,0.0,,,,1.0,,,0.0,,1.0,,,,,,,,1.0,,,1.0,,1.0,,,,1.0,,,,,1.0,,,,,,,
2022-056,1.0,,,,1.0,,,1.0,,1.0,,,,,,,,1.0,,,1.0,,0.0,,,,1.0,,,,,1.0,,,,,,,
2022-058,1.0,,,,1.0,,,0.0,,1.0,,,,,,,,1.0,,,1.0,,0.0,,,,0.0,,,,,1.0,,,,,,,
2022-062,1.0,,,,1.0,,,1.0,,1.0,,,,,,,,1.0,,,1.0,,1.0,,,,0.0,,,,,1.0,,,,,,,
2023-001,1.0,,,,1.0,,,1.0,,1.0,,,,,,,,1.0,,,0.0,,0.0,,,,1.0,,,,,0.0,,,,,,,
2023-006,1.0,,,,1.0,,,1.0,,0.0,,,,,,,,1.0,,,0.0,,1.0,,,,1.0,,,,,0.0,,,,,,,
2023-007,1.0,,,,1.0,,,1.0,,0.0,,,,,,,,1.0,,,0.0,,1.0,,,,1.0,,,,,0.0,,,,,,,
2023-012,1.0,,,,1.0,,,0.0,,1.0,,,,,,,,1.0,,,1.0,,1.0,,,,1.0,,,,,1.0,,,,,,,
2023-013,1.0,,,,1.0,,,0.0,,1.0,,,,,,,,1.0,,,1.0,,1.0,,,,0.0,,,,,1.0,,,,,,,
2023-015,1.0,,,,1.0,,,1.0,,0.0,,,,,,,,1.0,,,0.0,,1.0,,,,1.0,,,,,0.0,,,,,,,
2023-016,1.0,,,,1.0,,,0.0,,1.0,,,,,,,,0.0,,,1.0,,1.0,,,,0.0,,,,,1.0,,,,,,,
2023-017,1.0,,,,1.0,,,1.0,,0.0,,,,,,,,1.0,,,0.0,,0.0,,,,1.0,,,,,0.0,,,,,,,
2023-019,1.0,,,,1.0,,,0.0,,1.0,,,,,,,,1.0,,,1.0,,0.0,,,,1.0,,,,,1.0,,,,,,,
2023-020,1.0,,,,1.0,,,1.0,,0.0,,,,,,,,1.0,,,0.0,,1.0,,,,1.0,,,,,0.0,,,,,,,
2023-021,1.0,,,,1.0,,,1.0,,0.0,,,,,,,,1.0,,,0.0,,0.0,,,,1.0,,,,,1.0,,,,,,,
2023-022,1.0,,,,0.0,,,1.0,,0.0,,,,,,,,0.0,,,1.0,,1.0,,,,1.0,,,,,0.0,,,,,,,
2023-026,0.0,,,,1.0,,,0.0,,1.0,,,,,,,,1.0,,,1.0,,0.0,,,,1.0,,,,,1.0,,,,,,,
2023-032,1.0,,,,1.0,,,1.0,,0.0,,,,,,,,1.0,,,0.0,,1.0,,,,1.0,,,,,0.0,,,,,,,
2023-034,0.0,,,,1.0,,,1.0,,0.0,,,,,,,,1.0,,,0.0,,1.0,,,,1.0,,,,,0.0,,,,,,,
2023-035,1.0,,,,1.0,,,0.0,,1.0,,,,,,,,1.0,,,1.0,,0.0,,,,0.0,,,,,1.0,,,,,,,
2023-039,1.0,,,,1.0,,,1.0,,0.0,,,,,,,,1.0,,,0.0,,1.0,,,,1.0,,,,,0.0,,,,,,,
2023-041,1.0,,,,1.0,,,0.0,,1.0,,,,,,,,1.0,,,1.0,,0.0,,,,0.0,,,,,1.0,,,,,,,
2023-043,1.0,,,,1.0,,,1.0,,0.0,,,,,,,,1.0,,,1.0,,0.0,,,,1.0,,,,,0.0,,,,,,,
2023-044,1.0,,,,1.0,,,1.0,,1.0,,,,,,,,1.0,,,1.0,,1.0,,,,0.0,,,,,1.0,,,,,,,
2023-045,1.0,,,,1.0,,,0.0,,1.0,,,,,,,,1.0,,,1.0,,1.0,,,,1.0,,,,,1.0,,,,,,,
2023-046,0.0,,,,1.0,,,0.0,,1.0,,,,,,,,1.0,,,1.0,,0.0,,,,0.0,,,,,1.0,,,,,,,
2023-047,0.0,,,,0.0,,,0.0,,1.0,,,,,,,,1.0,,,1.0,,1.0,,,,0.0,,,,,1.0,,,,,,,
2023-050,1.0,,,,0.0,,,1.0,,1.0,,,,,,,,1.0,,,0.0,,1.0,,,,0.0,,,,,1.0,,,,,,,
2023-052,1.0,,,,1.0,,,1.0,,0.0,,,,,,,,1.0,,,0.0,,1.0,,,,1.0,,,,,0.0,,,,,,,
2023-053,1.0,,,,1.0,,,0.0,,1.0,,,,,,,,1.0,,,1.0,,0.0,,,,0.0,,,,,1.0,,,,,,,
2023-054,0.0,,,,1.0,,,1.0,,0.0,,,,,,,,1.0,,,1.0,,1.0,,,,1.0,,,,,0.0,,,,,,,
2023-055,1.0,,,,1.0,,,1.0,,0.0,,,,,,,,1.0,,,0.0,,1.0,,,,1.0,,,,,0.0,,,,,,,
2023-056,1.0,,,,1.0,,,1.0,,0.0,,,,,,,,1.0,,,0.0,,1.0,,,,1.0,,,,,0.0,,,,,,,
2023-058,1.0,,,,1.0,,,1.0,,0.0,,,,,,,,1.0,,,0.0,,1.0,,,,1.0,,,,,0.0,,,,,,,
2023-059,1.0,,,,1.0,,,1.0,,1.0,,,,,,,,1.0,,,0.0,,1.0,,,,1.0,,,,,1.0,,,,,,,
2023-060,1.0,,,,1.0,,,0.0,,1.0,,,,,,,,1.0,,,1.0,,0.0,,,,0.0,,,,,1.0,,,,,,,
2023-061,1.0,,,,1.0,,,1.0,,0.0,,,,,,,,1.0,,,0.0,,1.0,,,,1.0,,,,,0.0,,,,,,,
